ds,s,h_x,h_y,P2,parameters,reason
0.0,0.5,0.46139040081298743,0.2772354575409714,0.14691078739121102,"Dict{String, Real}(""s_u"" => 0.7, ""h_x_bar"" => 1.0, ""h_x"" => 1.0, ""p_u"" => 0.5, ""s_y"" => 0.5, ""a"" => 2, ""h_y_bar"" => 0.7705898648387844, ""M"" => 1, ""phi"" => 0.1, ""s_ay"" => 0.7999999999999999, ""b_x"" => 3, ""h_y"" => 0.7705898648387844, ""b_y"" => 5, ""s_x"" => 0.5, ""p_a"" => 0.25, ""s_ax"" => 0.7)",css found
0.011111111111111112,0.5,0.48687841469115395,0.2925766660318491,0.14613701735867698,"Dict{String, Real}(""s_u"" => 0.7, ""h_x_bar"" => 1.0, ""h_x"" => 1.0, ""p_u"" => 0.5, ""s_y"" => 0.5, ""a"" => 2, ""h_y_bar"" => 0.7705898648387844, ""M"" => 1, ""phi"" => 0.1, ""s_ay"" => 0.7999999999999999, ""b_x"" => 3, ""h_y"" => 0.7705898648387844, ""b_y"" => 5, ""s_x"" => 0.5, ""p_a"" => 0.25, ""s_ax"" => 0.7)",css found
0.022222222222222223,0.5,0.5149638027655336,0.30948214184143624,0.145308591213517,"Dict{String, Real}(""s_u"" => 0.7, ""h_x_bar"" => 1.0, ""h_x"" => 1.0, ""p_u"" => 0.5, ""s_y"" => 0.5, ""a"" => 2, ""h_y_bar"" => 0.7705898648387844, ""M"" => 1, ""phi"" => 0.1, ""s_ay"" => 0.7999999999999999, ""b_x"" => 3, ""h_y"" => 0.7705898648387844, ""b_y"" => 5, ""s_x"" => 0.5, ""p_a"" => 0.25, ""s_ax"" => 0.7)",css found
0.03333333333333333,0.5,0.5460339832930581,0.3281863205961457,0.14442046542329642,"Dict{String, Real}(""s_u"" => 0.7, ""h_x_bar"" => 1.0, ""h_x"" => 1.0, ""p_u"" => 0.5, ""s_y"" => 0.5, ""a"" => 2, ""h_y_bar"" => 0.7705898648387844, ""M"" => 1, ""phi"" => 0.1, ""s_ay"" => 0.7999999999999999, ""b_x"" => 3, ""h_y"" => 0.7705898648387844, ""b_y"" => 5, ""s_x"" => 0.5, ""p_a"" => 0.25, ""s_ax"" => 0.7)",css found
0.044444444444444446,0.5,0.5805622231590438,0.34897537705487436,0.14346705108132582,"Dict{String, Real}(""s_u"" => 0.7, ""h_x_bar"" => 1.0, ""h_x"" => 1.0, ""p_u"" => 0.5, ""s_y"" => 0.5, ""a"" => 2, ""h_y_bar"" => 0.7705898648387844, ""M"" => 1, ""phi"" => 0.1, ""s_ay"" => 0.7999999999999999, ""b_x"" => 3, ""h_y"" => 0.7705898648387844, ""b_y"" => 5, ""s_x"" => 0.5, ""p_a"" => 0.25, ""s_ax"" => 0.7)",css found
0.05555555555555555,0.5,0.619136401377404,0.3722053533674551,0.14244212373515094,"Dict{String, Real}(""s_u"" => 0.7, ""h_x_bar"" => 1.0, ""h_x"" => 1.0, ""p_u"" => 0.5, ""s_y"" => 0.5, ""a"" => 2, ""h_y_bar"" => 0.7705898648387844, ""M"" => 1, ""phi"" => 0.1, ""s_ay"" => 0.7999999999999999, ""b_x"" => 3, ""h_y"" => 0.7705898648387844, ""b_y"" => 5, ""s_x"" => 0.5, ""p_a"" => 0.25, ""s_ax"" => 0.7)",css found
0.06666666666666667,0.5,0.6625061933385582,0.3983300631169674,0.14133869302620153,"Dict{String, Real}(""s_u"" => 0.7, ""h_x_bar"" => 1.0, ""h_x"" => 1.0, ""p_u"" => 0.5, ""s_y"" => 0.5, ""a"" => 2, ""h_y_bar"" => 0.7705898648387844, ""M"" => 1, ""phi"" => 0.1, ""s_ay"" => 0.7999999999999999, ""b_x"" => 3, ""h_y"" => 0.7705898648387844, ""b_y"" => 5, ""s_x"" => 0.5, ""p_a"" => 0.25, ""s_ax"" => 0.7)",css found
0.07777777777777778,0.5,0.711654369016038,0.42794574082588255,0.1401488049660152,"Dict{String, Real}(""s_u"" => 0.7, ""h_x_bar"" => 1.0, ""h_x"" => 1.0, ""p_u"" => 0.5, ""s_y"" => 0.5, ""a"" => 2, ""h_y_bar"" => 0.7705898648387844, ""M"" => 1, ""phi"" => 0.1, ""s_ay"" => 0.7999999999999999, ""b_x"" => 3, ""h_y"" => 0.7705898648387844, ""b_y"" => 5, ""s_x"" => 0.5, ""p_a"" => 0.25, ""s_ax"" => 0.7)",css found
0.08888888888888889,0.5,0.7679212877744385,0.4618662292621671,0.1388632220969194,"Dict{String, Real}(""s_u"" => 0.7, ""h_x_bar"" => 1.0, ""h_x"" => 1.0, ""p_u"" => 0.5, ""s_y"" => 0.5, ""a"" => 2, ""h_y_bar"" => 0.7705898648387844, ""M"" => 1, ""phi"" => 0.1, ""s_ay"" => 0.7999999999999999, ""b_x"" => 3, ""h_y"" => 0.7705898648387844, ""b_y"" => 5, ""s_x"" => 0.5, ""p_a"" => 0.25, ""s_ax"" => 0.7)",css found
0.1,0.5,0.8332225475201732,0.5012571855132916,0.13747088387410997,"Dict{String, Real}(""s_u"" => 0.7, ""h_x_bar"" => 1.0, ""h_x"" => 1.0, ""p_u"" => 0.5, ""s_y"" => 0.5, ""a"" => 2, ""h_y_bar"" => 0.7705898648387844, ""M"" => 1, ""phi"" => 0.1, ""s_ay"" => 0.7999999999999999, ""b_x"" => 3, ""h_y"" => 0.7705898648387844, ""b_y"" => 5, ""s_x"" => 0.5, ""p_a"" => 0.25, ""s_ax"" => 0.7)",css found
0.0,0.5222222222222223,0.47659999600657227,0.2863355472118586,0.14623816761285496,"Dict{String, Real}(""s_u"" => 0.7, ""h_x_bar"" => 1.0, ""h_x"" => 1.0, ""p_u"" => 0.5, ""s_y"" => 0.5, ""a"" => 2, ""h_y_bar"" => 0.7705898648387844, ""M"" => 1, ""phi"" => 0.1, ""s_ay"" => 0.7999999999999999, ""b_x"" => 3, ""h_y"" => 0.7705898648387844, ""b_y"" => 5, ""s_x"" => 0.5, ""p_a"" => 0.25, ""s_ax"" => 0.7)",css found
0.011111111111111112,0.5222222222222223,0.5026743803163504,0.3020238028558157,0.14545800045164786,"Dict{String, Real}(""s_u"" => 0.7, ""h_x_bar"" => 1.0, ""h_x"" => 1.0, ""p_u"" => 0.5, ""s_y"" => 0.5, ""a"" => 2, ""h_y_bar"" => 0.7705898648387844, ""M"" => 1, ""phi"" => 0.1, ""s_ay"" => 0.7999999999999999, ""b_x"" => 3, ""h_y"" => 0.7705898648387844, ""b_y"" => 5, ""s_x"" => 0.5, ""p_a"" => 0.25, ""s_ax"" => 0.7)",css found
0.022222222222222223,0.5222222222222223,0.531398915269622,0.31930809580733466,0.14462403307574948,"Dict{String, Real}(""s_u"" => 0.7, ""h_x_bar"" => 1.0, ""h_x"" => 1.0, ""p_u"" => 0.5, ""s_y"" => 0.5, ""a"" => 2, ""h_y_bar"" => 0.7705898648387844, ""M"" => 1, ""phi"" => 0.1, ""s_ay"" => 0.7999999999999999, ""b_x"" => 3, ""h_y"" => 0.7705898648387844, ""b_y"" => 5, ""s_x"" => 0.5, ""p_a"" => 0.25, ""s_ax"" => 0.7)",css found
0.03333333333333333,0.5222222222222223,0.5631751891147365,0.3384308802541947,0.14373137632752586,"Dict{String, Real}(""s_u"" => 0.7, ""h_x_bar"" => 1.0, ""h_x"" => 1.0, ""p_u"" => 0.5, ""s_y"" => 0.5, ""a"" => 2, ""h_y_bar"" => 0.7705898648387844, ""M"" => 1, ""phi"" => 0.1, ""s_ay"" => 0.7999999999999999, ""b_x"" => 3, ""h_y"" => 0.7705898648387844, ""b_y"" => 5, ""s_x"" => 0.5, ""p_a"" => 0.25, ""s_ax"" => 0.7)",css found
0.044444444444444446,0.5222222222222223,0.5984952011536198,0.3596899908951434,0.14277460029942363,"Dict{String, Real}(""s_u"" => 0.7, ""h_x_bar"" => 1.0, ""h_x"" => 1.0, ""p_u"" => 0.5, ""s_y"" => 0.5, ""a"" => 2, ""h_y_bar"" => 0.7705898648387844, ""M"" => 1, ""phi"" => 0.1, ""s_ay"" => 0.7999999999999999, ""b_x"" => 3, ""h_y"" => 0.7705898648387844, ""b_y"" => 5, ""s_x"" => 0.5, ""p_a"" => 0.25, ""s_ax"" => 0.7)",css found
0.05555555555555555,0.5222222222222223,0.6379774372847172,0.3834588919664096,0.141747634082989,"Dict{String, Real}(""s_u"" => 0.7, ""h_x_bar"" => 1.0, ""h_x"" => 1.0, ""p_u"" => 0.5, ""s_y"" => 0.5, ""a"" => 2, ""h_y_bar"" => 0.7705898648387844, ""M"" => 1, ""phi"" => 0.1, ""s_ay"" => 0.7999999999999999, ""b_x"" => 3, ""h_y"" => 0.7705898648387844, ""b_y"" => 5, ""s_x"" => 0.5, ""p_a"" => 0.25, ""s_ax"" => 0.7)",css found
0.06666666666666667,0.5222222222222223,0.6824140530205142,0.41021792494228143,0.14064362076303238,"Dict{String, Real}(""s_u"" => 0.7, ""h_x_bar"" => 1.0, ""h_x"" => 1.0, ""p_u"" => 0.5, ""s_y"" => 0.5, ""a"" => 2, ""h_y_bar"" => 0.7705898648387844, ""M"" => 1, ""phi"" => 0.1, ""s_ay"" => 0.7999999999999999, ""b_x"" => 3, ""h_y"" => 0.7705898648387844, ""b_y"" => 5, ""s_x"" => 0.5, ""p_a"" => 0.25, ""s_ax"" => 0.7)",css found
0.07777777777777778,0.5222222222222223,0.7328587128553293,0.4406049979138043,0.1394546941175593,"Dict{String, Real}(""s_u"" => 0.7, ""h_x_bar"" => 1.0, ""h_x"" => 1.0, ""p_u"" => 0.5, ""s_y"" => 0.5, ""a"" => 2, ""h_y_bar"" => 0.7705898648387844, ""M"" => 1, ""phi"" => 0.1, ""s_ay"" => 0.7999999999999999, ""b_x"" => 3, ""h_y"" => 0.7705898648387844, ""b_y"" => 5, ""s_x"" => 0.5, ""p_a"" => 0.25, ""s_ax"" => 0.7)",css found
0.08888888888888889,0.5222222222222223,0.7907636491233274,0.4755018084650751,0.13817161743903014,"Dict{String, Real}(""s_u"" => 0.7, ""h_x_bar"" => 1.0, ""h_x"" => 1.0, ""p_u"" => 0.5, ""s_y"" => 0.5, ""a"" => 2, ""h_y_bar"" => 0.7705898648387844, ""M"" => 1, ""phi"" => 0.1, ""s_ay"" => 0.7999999999999999, ""b_x"" => 3, ""h_y"" => 0.7705898648387844, ""b_y"" => 5, ""s_x"" => 0.5, ""p_a"" => 0.25, ""s_ax"" => 0.7)",css found
0.1,0.5222222222222223,0.8582376708224491,0.5161903180652062,0.1367831702802354,"Dict{String, Real}(""s_u"" => 0.7, ""h_x_bar"" => 1.0, ""h_x"" => 1.0, ""p_u"" => 0.5, ""s_y"" => 0.5, ""a"" => 2, ""h_y_bar"" => 0.7705898648387844, ""M"" => 1, ""phi"" => 0.1, ""s_ay"" => 0.7999999999999999, ""b_x"" => 3, ""h_y"" => 0.7705898648387844, ""b_y"" => 5, ""s_x"" => 0.5, ""p_a"" => 0.25, ""s_ax"" => 0.7)",css found
0.0,0.5444444444444444,0.4925225340280863,0.2958663159030736,0.14554977192222468,"Dict{String, Real}(""s_u"" => 0.7, ""h_x_bar"" => 1.0, ""h_x"" => 1.0, ""p_u"" => 0.5, ""s_y"" => 0.5, ""a"" => 2, ""h_y_bar"" => 0.7705898648387844, ""M"" => 1, ""phi"" => 0.1, ""s_ay"" => 0.7999999999999999, ""b_x"" => 3, ""h_y"" => 0.7705898648387844, ""b_y"" => 5, ""s_x"" => 0.5, ""p_a"" => 0.25, ""s_ax"" => 0.7)",css found
0.011111111111111112,0.5444444444444444,0.5192878853079381,0.31196545517434693,0.144761829442116,"Dict{String, Real}(""s_u"" => 0.7, ""h_x_bar"" => 1.0, ""h_x"" => 1.0, ""p_u"" => 0.5, ""s_y"" => 0.5, ""a"" => 2, ""h_y_bar"" => 0.7705898648387844, ""M"" => 1, ""phi"" => 0.1, ""s_ay"" => 0.7999999999999999, ""b_x"" => 3, ""h_y"" => 0.7705898648387844, ""b_y"" => 5, ""s_x"" => 0.5, ""p_a"" => 0.25, ""s_ax"" => 0.7)",css found
0.022222222222222223,0.5444444444444444,0.5487777147806704,0.32970549464546667,0.14392069351011288,"Dict{String, Real}(""s_u"" => 0.7, ""h_x_bar"" => 1.0, ""h_x"" => 1.0, ""p_u"" => 0.5, ""s_y"" => 0.5, ""a"" => 2, ""h_y_bar"" => 0.7705898648387844, ""M"" => 1, ""phi"" => 0.1, ""s_ay"" => 0.7999999999999999, ""b_x"" => 3, ""h_y"" => 0.7705898648387844, ""b_y"" => 5, ""s_x"" => 0.5, ""p_a"" => 0.25, ""s_ax"" => 0.7)",css found
0.03333333333333333,0.5444444444444444,0.5814140986288182,0.34934055533514424,0.14302158022712064,"Dict{String, Real}(""s_u"" => 0.7, ""h_x_bar"" => 1.0, ""h_x"" => 1.0, ""p_u"" => 0.5, ""s_y"" => 0.5, ""a"" => 2, ""h_y_bar"" => 0.7705898648387844, ""M"" => 1, ""phi"" => 0.1, ""s_ay"" => 0.7999999999999999, ""b_x"" => 3, ""h_y"" => 0.7705898648387844, ""b_y"" => 5, ""s_x"" => 0.5, ""p_a"" => 0.25, ""s_ax"" => 0.7)",css found
0.044444444444444446,0.5444444444444444,0.6177167714992211,0.37118516959528886,0.14205915851838335,"Dict{String, Real}(""s_u"" => 0.7, ""h_x_bar"" => 1.0, ""h_x"" => 1.0, ""p_u"" => 0.5, ""s_y"" => 0.5, ""a"" => 2, ""h_y_bar"" => 0.7705898648387844, ""M"" => 1, ""phi"" => 0.1, ""s_ay"" => 0.7999999999999999, ""b_x"" => 3, ""h_y"" => 0.7705898648387844, ""b_y"" => 5, ""s_x"" => 0.5, ""p_a"" => 0.25, ""s_ax"" => 0.7)",css found
0.05555555555555555,0.5444444444444444,0.6583441789982458,0.39563733020068376,0.141027437908668,"Dict{String, Real}(""s_u"" => 0.7, ""h_x_bar"" => 1.0, ""h_x"" => 1.0, ""p_u"" => 0.5, ""s_y"" => 0.5, ""a"" => 2, ""h_y_bar"" => 0.7705898648387844, ""M"" => 1, ""phi"" => 0.1, ""s_ay"" => 0.7999999999999999, ""b_x"" => 3, ""h_y"" => 0.7705898648387844, ""b_y"" => 5, ""s_x"" => 0.5, ""p_a"" => 0.25, ""s_ax"" => 0.7)",css found
0.06666666666666667,0.5444444444444444,0.7041511994561813,0.4232144824185079,0.13991960307311915,"Dict{String, Real}(""s_u"" => 0.7, ""h_x_bar"" => 1.0, ""h_x"" => 1.0, ""p_u"" => 0.5, ""s_y"" => 0.5, ""a"" => 2, ""h_y_bar"" => 0.7705898648387844, ""M"" => 1, ""phi"" => 0.1, ""s_ay"" => 0.7999999999999999, ""b_x"" => 3, ""h_y"" => 0.7705898648387844, ""b_y"" => 5, ""s_x"" => 0.5, ""p_a"" => 0.25, ""s_ax"" => 0.7)",css found
0.07777777777777778,0.5444444444444444,0.7562878056681366,0.45461256602178113,0.1387277577155009,"Dict{String, Real}(""s_u"" => 0.7, ""h_x_bar"" => 1.0, ""h_x"" => 1.0, ""p_u"" => 0.5, ""s_y"" => 0.5, ""a"" => 2, ""h_y_bar"" => 0.7705898648387844, ""M"" => 1, ""phi"" => 0.1, ""s_ay"" => 0.7999999999999999, ""b_x"" => 3, ""h_y"" => 0.7705898648387844, ""b_y"" => 5, ""s_x"" => 0.5, ""p_a"" => 0.25, ""s_ax"" => 0.7)",css found
0.08888888888888889,0.5444444444444444,0.8163627055988271,0.49080818915187974,0.13744250709853184,"Dict{String, Real}(""s_u"" => 0.7, ""h_x_bar"" => 1.0, ""h_x"" => 1.0, ""p_u"" => 0.5, ""s_y"" => 0.5, ""a"" => 2, ""h_y_bar"" => 0.7705898648387844, ""M"" => 1, ""phi"" => 0.1, ""s_ay"" => 0.7999999999999999, ""b_x"" => 3, ""h_y"" => 0.7705898648387844, ""b_y"" => 5, ""s_x"" => 0.5, ""p_a"" => 0.25, ""s_ax"" => 0.7)",css found
0.1,0.5444444444444444,0.8867580149799315,0.5332479543677203,0.13605224160718155,"Dict{String, Real}(""s_u"" => 0.7, ""h_x_bar"" => 1.0, ""h_x"" => 1.0, ""p_u"" => 0.5, ""s_y"" => 0.5, ""a"" => 2, ""h_y_bar"" => 0.7705898648387844, ""M"" => 1, ""phi"" => 0.1, ""s_ay"" => 0.7999999999999999, ""b_x"" => 3, ""h_y"" => 0.7705898648387844, ""b_y"" => 5, ""s_x"" => 0.5, ""p_a"" => 0.25, ""s_ax"" => 0.7)",css found
0.0,0.5666666666666667,0.509232599071063,0.3058719102353473,0.1448450721638721,"Dict{String, Real}(""s_u"" => 0.7, ""h_x_bar"" => 1.0, ""h_x"" => 1.0, ""p_u"" => 0.5, ""s_y"" => 0.5, ""a"" => 2, ""h_y_bar"" => 0.7705898648387844, ""M"" => 1, ""phi"" => 0.1, ""s_ay"" => 0.7999999999999999, ""b_x"" => 3, ""h_y"" => 0.7705898648387844, ""b_y"" => 5, ""s_x"" => 0.5, ""p_a"" => 0.25, ""s_ax"" => 0.7)",css found
0.011111111111111112,0.5666666666666667,0.5368023369966941,0.32245127346093205,0.14404800260397177,"Dict{String, Real}(""s_u"" => 0.7, ""h_x_bar"" => 1.0, ""h_x"" => 1.0, ""p_u"" => 0.5, ""s_y"" => 0.5, ""a"" => 2, ""h_y_bar"" => 0.7705898648387844, ""M"" => 1, ""phi"" => 0.1, ""s_ay"" => 0.7999999999999999, ""b_x"" => 3, ""h_y"" => 0.7705898648387844, ""b_y"" => 5, ""s_x"" => 0.5, ""p_a"" => 0.25, ""s_ax"" => 0.7)",css found
0.022222222222222223,0.5666666666666667,0.567196424797503,0.34073098178425076,0.14319810962984228,"Dict{String, Real}(""s_u"" => 0.7, ""h_x_bar"" => 1.0, ""h_x"" => 1.0, ""p_u"" => 0.5, ""s_y"" => 0.5, ""a"" => 2, ""h_y_bar"" => 0.7705898648387844, ""M"" => 1, ""phi"" => 0.1, ""s_ay"" => 0.7999999999999999, ""b_x"" => 3, ""h_y"" => 0.7705898648387844, ""b_y"" => 5, ""s_x"" => 0.5, ""p_a"" => 0.25, ""s_ax"" => 0.7)",css found
0.03333333333333333,0.5666666666666667,0.6008622666099528,0.36098103806169507,0.14229066687252703,"Dict{String, Real}(""s_u"" => 0.7, ""h_x_bar"" => 1.0, ""h_x"" => 1.0, ""p_u"" => 0.5, ""s_y"" => 0.5, ""a"" => 2, ""h_y_bar"" => 0.7705898648387844, ""M"" => 1, ""phi"" => 0.1, ""s_ay"" => 0.7999999999999999, ""b_x"" => 3, ""h_y"" => 0.7705898648387844, ""b_y"" => 5, ""s_x"" => 0.5, ""p_a"" => 0.25, ""s_ax"" => 0.7)",css found
0.044444444444444446,0.5666666666666667,0.6383579329271502,0.3835386742021154,0.14132038315584974,"Dict{String, Real}(""s_u"" => 0.7, ""h_x_bar"" => 1.0, ""h_x"" => 1.0, ""p_u"" => 0.5, ""s_y"" => 0.5, ""a"" => 2, ""h_y_bar"" => 0.7705898648387844, ""M"" => 1, ""phi"" => 0.1, ""s_ay"" => 0.7999999999999999, ""b_x"" => 3, ""h_y"" => 0.7705898648387844, ""b_y"" => 5, ""s_x"" => 0.5, ""p_a"" => 0.25, ""s_ax"" => 0.7)",css found
0.05555555555555555,0.5666666666666667,0.6803972814478311,0.408835136671079,0.1402812743388177,"Dict{String, Real}(""s_u"" => 0.7, ""h_x_bar"" => 1.0, ""h_x"" => 1.0, ""p_u"" => 0.5, ""s_y"" => 0.5, ""a"" => 2, ""h_y_bar"" => 0.7705898648387844, ""M"" => 1, ""phi"" => 0.1, ""s_ay"" => 0.7999999999999999, ""b_x"" => 3, ""h_y"" => 0.7705898648387844, ""b_y"" => 5, ""s_x"" => 0.5, ""p_a"" => 0.25, ""s_ax"" => 0.7)",css found
0.06666666666666667,0.5666666666666667,0.7279185527891788,0.4374382033329305,0.13916647143547817,"Dict{String, Real}(""s_u"" => 0.7, ""h_x_bar"" => 1.0, ""h_x"" => 1.0, ""p_u"" => 0.5, ""s_y"" => 0.5, ""a"" => 2, ""h_y_bar"" => 0.7705898648387844, ""M"" => 1, ""phi"" => 0.1, ""s_ay"" => 0.7999999999999999, ""b_x"" => 3, ""h_y"" => 0.7705898648387844, ""b_y"" => 5, ""s_x"" => 0.5, ""p_a"" => 0.25, ""s_ax"" => 0.7)",css found
0.07777777777777778,0.5666666666666667,0.7822027686639601,0.4701230686497518,0.13796792051947915,"Dict{String, Real}(""s_u"" => 0.7, ""h_x_bar"" => 1.0, ""h_x"" => 1.0, ""p_u"" => 0.5, ""s_y"" => 0.5, ""a"" => 2, ""h_y_bar"" => 0.7705898648387844, ""M"" => 1, ""phi"" => 0.1, ""s_ay"" => 0.7999999999999999, ""b_x"" => 3, ""h_y"" => 0.7705898648387844, ""b_y"" => 5, ""s_x"" => 0.5, ""p_a"" => 0.25, ""s_ax"" => 0.7)",css found
0.08888888888888889,0.5666666666666667,0.845076576509154,0.5079976016248245,0.1366758877610438,"Dict{String, Real}(""s_u"" => 0.7, ""h_x_bar"" => 1.0, ""h_x"" => 1.0, ""p_u"" => 0.5, ""s_y"" => 0.5, ""a"" => 2, ""h_y_bar"" => 0.7705898648387844, ""M"" => 1, ""phi"" => 0.1, ""s_ay"" => 0.7999999999999999, ""b_x"" => 3, ""h_y"" => 0.7705898648387844, ""b_y"" => 5, ""s_x"" => 0.5, ""p_a"" => 0.25, ""s_ax"" => 0.7)",css found
0.1,0.5666666666666667,0.9193057586915203,0.5527408469009915,0.1352780976849928,"Dict{String, Real}(""s_u"" => 0.7, ""h_x_bar"" => 1.0, ""h_x"" => 1.0, ""p_u"" => 0.5, ""s_y"" => 0.5, ""a"" => 2, ""h_y_bar"" => 0.7705898648387844, ""M"" => 1, ""phi"" => 0.1, ""s_ay"" => 0.7999999999999999, ""b_x"" => 3, ""h_y"" => 0.7705898648387844, ""b_y"" => 5, ""s_x"" => 0.5, ""p_a"" => 0.25, ""s_ax"" => 0.7)",css found
0.0,0.5888888888888889,0.5268145819697817,0.316403031836299,0.14412347815453344,"Dict{String, Real}(""s_u"" => 0.7, ""h_x_bar"" => 1.0, ""h_x"" => 1.0, ""p_u"" => 0.5, ""s_y"" => 0.5, ""a"" => 2, ""h_y_bar"" => 0.7705898648387844, ""M"" => 1, ""phi"" => 0.1, ""s_ay"" => 0.7999999999999999, ""b_x"" => 3, ""h_y"" => 0.7705898648387844, ""b_y"" => 5, ""s_x"" => 0.5, ""p_a"" => 0.25, ""s_ax"" => 0.7)",css found
0.011111111111111112,0.5888888888888889,0.5553163642357039,0.33353946948303276,0.14331593128499726,"Dict{String, Real}(""s_u"" => 0.7, ""h_x_bar"" => 1.0, ""h_x"" => 1.0, ""p_u"" => 0.5, ""s_y"" => 0.5, ""a"" => 2, ""h_y_bar"" => 0.7705898648387844, ""M"" => 1, ""phi"" => 0.1, ""s_ay"" => 0.7999999999999999, ""b_x"" => 3, ""h_y"" => 0.7705898648387844, ""b_y"" => 5, ""s_x"" => 0.5, ""p_a"" => 0.25, ""s_ax"" => 0.7)",css found
0.022222222222222223,0.5888888888888889,0.586768948109397,0.35245233372945795,0.14245569940078998,"Dict{String, Real}(""s_u"" => 0.7, ""h_x_bar"" => 1.0, ""h_x"" => 1.0, ""p_u"" => 0.5, ""s_y"" => 0.5, ""a"" => 2, ""h_y_bar"" => 0.7705898648387844, ""M"" => 1, ""phi"" => 0.1, ""s_ay"" => 0.7999999999999999, ""b_x"" => 3, ""h_y"" => 0.7705898648387844, ""b_y"" => 5, ""s_x"" => 0.5, ""p_a"" => 0.25, ""s_ax"" => 0.7)",css found
0.03333333333333333,0.5888888888888889,0.6216553870000331,0.37343270066963796,0.1415380650516302,"Dict{String, Real}(""s_u"" => 0.7, ""h_x_bar"" => 1.0, ""h_x"" => 1.0, ""p_u"" => 0.5, ""s_y"" => 0.5, ""a"" => 2, ""h_y_bar"" => 0.7705898648387844, ""M"" => 1, ""phi"" => 0.1, ""s_ay"" => 0.7999999999999999, ""b_x"" => 3, ""h_y"" => 0.7705898648387844, ""b_y"" => 5, ""s_x"" => 0.5, ""p_a"" => 0.25, ""s_ax"" => 0.7)",css found
0.044444444444444446,0.5888888888888889,0.6605835343038385,0.3968479047558456,0.14055771619113422,"Dict{String, Real}(""s_u"" => 0.7, ""h_x_bar"" => 1.0, ""h_x"" => 1.0, ""p_u"" => 0.5, ""s_y"" => 0.5, ""a"" => 2, ""h_y_bar"" => 0.7705898648387844, ""M"" => 1, ""phi"" => 0.1, ""s_ay"" => 0.7999999999999999, ""b_x"" => 3, ""h_y"" => 0.7705898648387844, ""b_y"" => 5, ""s_x"" => 0.5, ""p_a"" => 0.25, ""s_ax"" => 0.7)",css found
0.05555555555555555,0.5888888888888889,0.7043409521565306,0.4231735184707276,0.1395085961073867,"Dict{String, Real}(""s_u"" => 0.7, ""h_x_bar"" => 1.0, ""h_x"" => 1.0, ""p_u"" => 0.5, ""s_y"" => 0.5, ""a"" => 2, ""h_y_bar"" => 0.7705898648387844, ""M"" => 1, ""phi"" => 0.1, ""s_ay"" => 0.7999999999999999, ""b_x"" => 3, ""h_y"" => 0.7705898648387844, ""b_y"" => 5, ""s_x"" => 0.5, ""p_a"" => 0.25, ""s_ax"" => 0.7)",css found
0.06666666666666667,0.5888888888888889,0.7539779803419597,0.4530449718865945,0.13838367717013453,"Dict{String, Real}(""s_u"" => 0.7, ""h_x_bar"" => 1.0, ""h_x"" => 1.0, ""p_u"" => 0.5, ""s_y"" => 0.5, ""a"" => 2, ""h_y_bar"" => 0.7705898648387844, ""M"" => 1, ""phi"" => 0.1, ""s_ay"" => 0.7999999999999999, ""b_x"" => 3, ""h_y"" => 0.7705898648387844, ""b_y"" => 5, ""s_x"" => 0.5, ""p_a"" => 0.25, ""s_ax"" => 0.7)",css found
0.07777777777777778,0.5888888888888889,0.8109544262827876,0.48734540649179126,0.13717460033397288,"Dict{String, Real}(""s_u"" => 0.7, ""h_x_bar"" => 1.0, ""h_x"" => 1.0, ""p_u"" => 0.5, ""s_y"" => 0.5, ""a"" => 2, ""h_y_bar"" => 0.7705898648387844, ""M"" => 1, ""phi"" => 0.1, ""s_ay"" => 0.7999999999999999, ""b_x"" => 3, ""h_y"" => 0.7705898648387844, ""b_y"" => 5, ""s_x"" => 0.5, ""p_a"" => 0.25, ""s_ax"" => 0.7)",css found
0.08888888888888889,0.5888888888888889,0.8773988433180276,0.5273650694657421,0.13587107289839007,"Dict{String, Real}(""s_u"" => 0.7, ""h_x_bar"" => 1.0, ""h_x"" => 1.0, ""p_u"" => 0.5, ""s_y"" => 0.5, ""a"" => 2, ""h_y_bar"" => 0.7705898648387844, ""M"" => 1, ""phi"" => 0.1, ""s_ay"" => 0.7999999999999999, ""b_x"" => 3, ""h_y"" => 0.7705898648387844, ""b_y"" => 5, ""s_x"" => 0.5, ""p_a"" => 0.25, ""s_ax"" => 0.7)",css found
0.1,0.5888888888888889,0.9566248504797148,0.5751155639698327,0.13445979590650936,"Dict{String, Real}(""s_u"" => 0.7, ""h_x_bar"" => 1.0, ""h_x"" => 1.0, ""p_u"" => 0.5, ""s_y"" => 0.5, ""a"" => 2, ""h_y_bar"" => 0.7705898648387844, ""M"" => 1, ""phi"" => 0.1, ""s_ay"" => 0.7999999999999999, ""b_x"" => 3, ""h_y"" => 0.7705898648387844, ""b_y"" => 5, ""s_x"" => 0.5, ""p_a"" => 0.25, ""s_ax"" => 0.7)",css found
0.0,0.6111111111111112,0.5453675304236948,0.3275186101377031,0.14338432662093958,"Dict{String, Real}(""s_u"" => 0.7, ""h_x_bar"" => 1.0, ""h_x"" => 1.0, ""p_u"" => 0.5, ""s_y"" => 0.5, ""a"" => 2, ""h_y_bar"" => 0.7705898648387844, ""M"" => 1, ""phi"" => 0.1, ""s_ay"" => 0.7999999999999999, ""b_x"" => 3, ""h_y"" => 0.7705898648387844, ""b_y"" => 5, ""s_x"" => 0.5, ""p_a"" => 0.25, ""s_ax"" => 0.7)",css found
0.011111111111111112,0.6111111111111112,0.5749449473144319,0.34529879570647015,0.1425649290113337,"Dict{String, Real}(""s_u"" => 0.7, ""h_x_bar"" => 1.0, ""h_x"" => 1.0, ""p_u"" => 0.5, ""s_y"" => 0.5, ""a"" => 2, ""h_y_bar"" => 0.7705898648387844, ""M"" => 1, ""phi"" => 0.1, ""s_ay"" => 0.7999999999999999, ""b_x"" => 3, ""h_y"" => 0.7705898648387844, ""b_y"" => 5, ""s_x"" => 0.5, ""p_a"" => 0.25, ""s_ax"" => 0.7)",css found
0.022222222222222223,0.6111111111111112,0.6076325819260814,0.3649510942808489,0.14169275042042392,"Dict{String, Real}(""s_u"" => 0.7, ""h_x_bar"" => 1.0, ""h_x"" => 1.0, ""p_u"" => 0.5, ""s_y"" => 0.5, ""a"" => 2, ""h_y_bar"" => 0.7705898648387844, ""M"" => 1, ""phi"" => 0.1, ""s_ay"" => 0.7999999999999999, ""b_x"" => 3, ""h_y"" => 0.7705898648387844, ""b_y"" => 5, ""s_x"" => 0.5, ""p_a"" => 0.25, ""s_ax"" => 0.7)",css found
0.03333333333333333,0.6111111111111112,0.6439585980856106,0.3867941046896975,0.1407630313300423,"Dict{String, Real}(""s_u"" => 0.7, ""h_x_bar"" => 1.0, ""h_x"" => 1.0, ""p_u"" => 0.5, ""s_y"" => 0.5, ""a"" => 2, ""h_y_bar"" => 0.7705898648387844, ""M"" => 1, ""phi"" => 0.1, ""s_ay"" => 0.7999999999999999, ""b_x"" => 3, ""h_y"" => 0.7705898648387844, ""b_y"" => 5, ""s_x"" => 0.5, ""p_a"" => 0.25, ""s_ax"" => 0.7)",css found
0.044444444444444446,0.6111111111111112,0.684597488425251,0.41123477687778565,0.1397703722370357,"Dict{String, Real}(""s_u"" => 0.7, ""h_x_bar"" => 1.0, ""h_x"" => 1.0, ""p_u"" => 0.5, ""s_y"" => 0.5, ""a"" => 2, ""h_y_bar"" => 0.7705898648387844, ""M"" => 1, ""phi"" => 0.1, ""s_ay"" => 0.7999999999999999, ""b_x"" => 3, ""h_y"" => 0.7705898648387844, ""b_y"" => 5, ""s_x"" => 0.5, ""p_a"" => 0.25, ""s_ax"" => 0.7)",css found
0.05555555555555555,0.6111111111111112,0.7304345025757328,0.4388075848136349,0.1387085555821234,"Dict{String, Real}(""s_u"" => 0.7, ""h_x_bar"" => 1.0, ""h_x"" => 1.0, ""p_u"" => 0.5, ""s_y"" => 0.5, ""a"" => 2, ""h_y_bar"" => 0.7705898648387844, ""M"" => 1, ""phi"" => 0.1, ""s_ay"" => 0.7999999999999999, ""b_x"" => 3, ""h_y"" => 0.7705898648387844, ""b_y"" => 5, ""s_x"" => 0.5, ""p_a"" => 0.25, ""s_ax"" => 0.7)",css found
0.06666666666666667,0.6111111111111112,0.7826713071616771,0.4702391246456528,0.1375702717228893,"Dict{String, Real}(""s_u"" => 0.7, ""h_x_bar"" => 1.0, ""h_x"" => 1.0, ""p_u"" => 0.5, ""s_y"" => 0.5, ""a"" => 2, ""h_y_bar"" => 0.7705898648387844, ""M"" => 1, ""phi"" => 0.1, ""s_ay"" => 0.7999999999999999, ""b_x"" => 3, ""h_y"" => 0.7705898648387844, ""b_y"" => 5, ""s_x"" => 0.5, ""p_a"" => 0.25, ""s_ax"" => 0.7)",css found
0.07777777777777778,0.6111111111111112,0.8430124719890848,0.5065608840829796,0.1363466762444413,"Dict{String, Real}(""s_u"" => 0.7, ""h_x_bar"" => 1.0, ""h_x"" => 1.0, ""p_u"" => 0.5, ""s_y"" => 0.5, ""a"" => 2, ""h_y_bar"" => 0.7705898648387844, ""M"" => 1, ""phi"" => 0.1, ""s_ay"" => 0.7999999999999999, ""b_x"" => 3, ""h_y"" => 0.7705898648387844, ""b_y"" => 5, ""s_x"" => 0.5, ""p_a"" => 0.25, ""s_ax"" => 0.7)",css found
0.08888888888888889,0.6111111111111112,0.9140131649796596,0.5493207243061102,0.13502663322371578,"Dict{String, Real}(""s_u"" => 0.7, ""h_x_bar"" => 1.0, ""h_x"" => 1.0, ""p_u"" => 0.5, ""s_y"" => 0.5, ""a"" => 2, ""h_y_bar"" => 0.7705898648387844, ""M"" => 1, ""phi"" => 0.1, ""s_ay"" => 0.7999999999999999, ""b_x"" => 3, ""h_y"" => 0.7705898648387844, ""b_y"" => 5, ""s_x"" => 0.5, ""p_a"" => 0.25, ""s_ax"" => 0.7)",css found
0.1,0.6111111111111112,0.9997909470973,0.6010187227963616,0.13359532758645898,"Dict{String, Real}(""s_u"" => 0.7, ""h_x_bar"" => 1.0, ""h_x"" => 1.0, ""p_u"" => 0.5, ""s_y"" => 0.5, ""a"" => 2, ""h_y_bar"" => 0.7705898648387844, ""M"" => 1, ""phi"" => 0.1, ""s_ay"" => 0.7999999999999999, ""b_x"" => 3, ""h_y"" => 0.7705898648387844, ""b_y"" => 5, ""s_x"" => 0.5, ""p_a"" => 0.25, ""s_ax"" => 0.7)",css found
0.0,0.6333333333333333,0.5650069665882006,0.3392877934214033,0.1426268678149797,"Dict{String, Real}(""s_u"" => 0.7, ""h_x_bar"" => 1.0, ""h_x"" => 1.0, ""p_u"" => 0.5, ""s_y"" => 0.5, ""a"" => 2, ""h_y_bar"" => 0.7705898648387844, ""M"" => 1, ""phi"" => 0.1, ""s_ay"" => 0.7999999999999999, ""b_x"" => 3, ""h_y"" => 0.7705898648387844, ""b_y"" => 5, ""s_x"" => 0.5, ""p_a"" => 0.25, ""s_ax"" => 0.7)",css found
0.011111111111111112,0.6333333333333333,0.595824793851504,0.3578112054106244,0.14179419630023296,"Dict{String, Real}(""s_u"" => 0.7, ""h_x_bar"" => 1.0, ""h_x"" => 1.0, ""p_u"" => 0.5, ""s_y"" => 0.5, ""a"" => 2, ""h_y_bar"" => 0.7705898648387844, ""M"" => 1, ""phi"" => 0.1, ""s_ay"" => 0.7999999999999999, ""b_x"" => 3, ""h_y"" => 0.7705898648387844, ""b_y"" => 5, ""s_x"" => 0.5, ""p_a"" => 0.25, ""s_ax"" => 0.7)",css found
0.022222222222222223,0.6333333333333333,0.6299519318700642,0.37832607936049323,0.1409084032332541,"Dict{String, Real}(""s_u"" => 0.7, ""h_x_bar"" => 1.0, ""h_x"" => 1.0, ""p_u"" => 0.5, ""s_y"" => 0.5, ""a"" => 2, ""h_y_bar"" => 0.7705898648387844, ""M"" => 1, ""phi"" => 0.1, ""s_ay"" => 0.7999999999999999, ""b_x"" => 3, ""h_y"" => 0.7705898648387844, ""b_y"" => 5, ""s_x"" => 0.5, ""p_a"" => 0.25, ""s_ax"" => 0.7)",css found
0.03333333333333333,0.6333333333333333,0.6679756912820036,0.40118687823074733,0.13996463002708467,"Dict{String, Real}(""s_u"" => 0.7, ""h_x_bar"" => 1.0, ""h_x"" => 1.0, ""p_u"" => 0.5, ""s_y"" => 0.5, ""a"" => 2, ""h_y_bar"" => 0.7705898648387844, ""M"" => 1, ""phi"" => 0.1, ""s_ay"" => 0.7999999999999999, ""b_x"" => 3, ""h_y"" => 0.7705898648387844, ""b_y"" => 5, ""s_x"" => 0.5, ""p_a"" => 0.25, ""s_ax"" => 0.7)",css found
0.044444444444444446,0.6333333333333333,0.7106570724629081,0.42685274405570617,0.1389573138447691,"Dict{String, Real}(""s_u"" => 0.7, ""h_x_bar"" => 1.0, ""h_x"" => 1.0, ""p_u"" => 0.5, ""s_y"" => 0.5, ""a"" => 2, ""h_y_bar"" => 0.7705898648387844, ""M"" => 1, ""phi"" => 0.1, ""s_ay"" => 0.7999999999999999, ""b_x"" => 3, ""h_y"" => 0.7705898648387844, ""b_y"" => 5, ""s_x"" => 0.5, ""p_a"" => 0.25, ""s_ax"" => 0.7)",css found
0.05555555555555555,0.6333333333333333,0.7590120436559369,0.455936911817972,0.1378799711990498,"Dict{String, Real}(""s_u"" => 0.7, ""h_x_bar"" => 1.0, ""h_x"" => 1.0, ""p_u"" => 0.5, ""s_y"" => 0.5, ""a"" => 2, ""h_y_bar"" => 0.7705898648387844, ""M"" => 1, ""phi"" => 0.1, ""s_ay"" => 0.7999999999999999, ""b_x"" => 3, ""h_y"" => 0.7705898648387844, ""b_y"" => 5, ""s_x"" => 0.5, ""p_a"" => 0.25, ""s_ax"" => 0.7)",css found
0.06666666666666667,0.6333333333333333,0.8144483041898863,0.48929027762967714,0.1367248585187273,"Dict{String, Real}(""s_u"" => 0.7, ""h_x_bar"" => 1.0, ""h_x"" => 1.0, ""p_u"" => 0.5, ""s_y"" => 0.5, ""a"" => 2, ""h_y_bar"" => 0.7705898648387844, ""M"" => 1, ""phi"" => 0.1, ""s_ay"" => 0.7999999999999999, ""b_x"" => 3, ""h_y"" => 0.7705898648387844, ""b_y"" => 5, ""s_x"" => 0.5, ""p_a"" => 0.25, ""s_ax"" => 0.7)",css found
0.07777777777777778,0.6333333333333333,0.8790148362478828,0.5281519735460855,0.13548241189987037,"Dict{String, Real}(""s_u"" => 0.7, ""h_x_bar"" => 1.0, ""h_x"" => 1.0, ""p_u"" => 0.5, ""s_y"" => 0.5, ""a"" => 2, ""h_y_bar"" => 0.7705898648387844, ""M"" => 1, ""phi"" => 0.1, ""s_ay"" => 0.7999999999999999, ""b_x"" => 3, ""h_y"" => 0.7705898648387844, ""b_y"" => 5, ""s_x"" => 0.5, ""p_a"" => 0.25, ""s_ax"" => 0.7)",css found
0.08888888888888889,0.6333333333333333,0.9558824754031959,0.5744437009652107,0.1341402621377607,"Dict{String, Real}(""s_u"" => 0.7, ""h_x_bar"" => 1.0, ""h_x"" => 1.0, ""p_u"" => 0.5, ""s_y"" => 0.5, ""a"" => 2, ""h_y_bar"" => 0.7705898648387844, ""M"" => 1, ""phi"" => 0.1, ""s_ay"" => 0.7999999999999999, ""b_x"" => 3, ""h_y"" => 0.7705898648387844, ""b_y"" => 5, ""s_x"" => 0.5, ""p_a"" => 0.25, ""s_ax"" => 0.7)",css found
0.1,0.6333333333333333,1.0,0.6306980234573345,0.1326929904850061,"Dict{String, Real}(""s_u"" => 0.7, ""h_x_bar"" => 1.0, ""h_x"" => 1.0, ""p_u"" => 0.5, ""s_y"" => 0.5, ""a"" => 2, ""h_y_bar"" => 0.7705898648387844, ""M"" => 1, ""phi"" => 0.1, ""s_ay"" => 0.7999999999999999, ""b_x"" => 3, ""h_y"" => 0.7705898648387844, ""b_y"" => 5, ""s_x"" => 0.5, ""p_a"" => 0.25, ""s_ax"" => 0.7)",limit
0.0,0.6555555555555556,0.5858700519354559,0.35179259124476625,0.14185024850995667,"Dict{String, Real}(""s_u"" => 0.7, ""h_x_bar"" => 1.0, ""h_x"" => 1.0, ""p_u"" => 0.5, ""s_y"" => 0.5, ""a"" => 2, ""h_y_bar"" => 0.7705898648387844, ""M"" => 1, ""phi"" => 0.1, ""s_ay"" => 0.7999999999999999, ""b_x"" => 3, ""h_y"" => 0.7705898648387844, ""b_y"" => 5, ""s_x"" => 0.5, ""p_a"" => 0.25, ""s_ax"" => 0.7)",css found
0.011111111111111112,0.6555555555555556,0.6181214965394731,0.3711753591256394,0.1410028007503783,"Dict{String, Real}(""s_u"" => 0.7, ""h_x_bar"" => 1.0, ""h_x"" => 1.0, ""p_u"" => 0.5, ""s_y"" => 0.5, ""a"" => 2, ""h_y_bar"" => 0.7705898648387844, ""M"" => 1, ""phi"" => 0.1, ""s_ay"" => 0.7999999999999999, ""b_x"" => 3, ""h_y"" => 0.7705898648387844, ""b_y"" => 5, ""s_x"" => 0.5, ""p_a"" => 0.25, ""s_ax"" => 0.7)",css found
0.022222222222222223,0.6555555555555556,0.6539292777839316,0.3926982057561282,0.1401016269288217,"Dict{String, Real}(""s_u"" => 0.7, ""h_x_bar"" => 1.0, ""h_x"" => 1.0, ""p_u"" => 0.5, ""s_y"" => 0.5, ""a"" => 2, ""h_y_bar"" => 0.7705898648387844, ""M"" => 1, ""phi"" => 0.1, ""s_ay"" => 0.7999999999999999, ""b_x"" => 3, ""h_y"" => 0.7705898648387844, ""b_y"" => 5, ""s_x"" => 0.5, ""p_a"" => 0.25, ""s_ax"" => 0.7)",css found
0.03333333333333333,0.6555555555555556,0.693959380202715,0.41676255733947365,0.13914170284205243,"Dict{String, Real}(""s_u"" => 0.7, ""h_x_bar"" => 1.0, ""h_x"" => 1.0, ""p_u"" => 0.5, ""s_y"" => 0.5, ""a"" => 2, ""h_y_bar"" => 0.7705898648387844, ""M"" => 1, ""phi"" => 0.1, ""s_ay"" => 0.7999999999999999, ""b_x"" => 3, ""h_y"" => 0.7705898648387844, ""b_y"" => 5, ""s_x"" => 0.5, ""p_a"" => 0.25, ""s_ax"" => 0.7)",css found
0.044444444444444446,0.6555555555555556,0.7390876647867571,0.4438969356898705,0.13811721106423996,"Dict{String, Real}(""s_u"" => 0.7, ""h_x_bar"" => 1.0, ""h_x"" => 1.0, ""p_u"" => 0.5, ""s_y"" => 0.5, ""a"" => 2, ""h_y_bar"" => 0.7705898648387844, ""M"" => 1, ""phi"" => 0.1, ""s_ay"" => 0.7999999999999999, ""b_x"" => 3, ""h_y"" => 0.7705898648387844, ""b_y"" => 5, ""s_x"" => 0.5, ""p_a"" => 0.25, ""s_ax"" => 0.7)",css found
0.05555555555555555,0.6555555555555556,0.7905070145154935,0.4748213372254123,0.13702127121396676,"Dict{String, Real}(""s_u"" => 0.7, ""h_x_bar"" => 1.0, ""h_x"" => 1.0, ""p_u"" => 0.5, ""s_y"" => 0.5, ""a"" => 2, ""h_y_bar"" => 0.7705898648387844, ""M"" => 1, ""phi"" => 0.1, ""s_ay"" => 0.7999999999999999, ""b_x"" => 3, ""h_y"" => 0.7705898648387844, ""b_y"" => 5, ""s_x"" => 0.5, ""p_a"" => 0.25, ""s_ax"" => 0.7)",css found
0.06666666666666667,0.6555555555555556,0.8499116008257721,0.5105594876443493,0.1358455078867514,"Dict{String, Real}(""s_u"" => 0.7, ""h_x_bar"" => 1.0, ""h_x"" => 1.0, ""p_u"" => 0.5, ""s_y"" => 0.5, ""a"" => 2, ""h_y_bar"" => 0.7705898648387844, ""M"" => 1, ""phi"" => 0.1, ""s_ay"" => 0.7999999999999999, ""b_x"" => 3, ""h_y"" => 0.7705898648387844, ""b_y"" => 5, ""s_x"" => 0.5, ""p_a"" => 0.25, ""s_ax"" => 0.7)",css found
0.07777777777777778,0.6555555555555556,0.9198435905636169,0.552649215303626,0.1345793172058426,"Dict{String, Real}(""s_u"" => 0.7, ""h_x_bar"" => 1.0, ""h_x"" => 1.0, ""p_u"" => 0.5, ""s_y"" => 0.5, ""a"" => 2, ""h_y_bar"" => 0.7705898648387844, ""M"" => 1, ""phi"" => 0.1, ""s_ay"" => 0.7999999999999999, ""b_x"" => 3, ""h_y"" => 0.7705898648387844, ""b_y"" => 5, ""s_x"" => 0.5, ""p_a"" => 0.25, ""s_ax"" => 0.7)",css found
0.08888888888888889,0.6555555555555556,1.0,0.603566250082139,0.13320868098398436,"Dict{String, Real}(""s_u"" => 0.7, ""h_x_bar"" => 1.0, ""h_x"" => 1.0, ""p_u"" => 0.5, ""s_y"" => 0.5, ""a"" => 2, ""h_y_bar"" => 0.7705898648387844, ""M"" => 1, ""phi"" => 0.1, ""s_ay"" => 0.7999999999999999, ""b_x"" => 3, ""h_y"" => 0.7705898648387844, ""b_y"" => 5, ""s_x"" => 0.5, ""p_a"" => 0.25, ""s_ax"" => 0.7)",limit
0.1,0.6555555555555556,1.0,0.6672170376537243,0.13176051148659912,"Dict{String, Real}(""s_u"" => 0.7, ""h_x_bar"" => 1.0, ""h_x"" => 1.0, ""p_u"" => 0.5, ""s_y"" => 0.5, ""a"" => 2, ""h_y_bar"" => 0.7705898648387844, ""M"" => 1, ""phi"" => 0.1, ""s_ay"" => 0.7999999999999999, ""b_x"" => 3, ""h_y"" => 0.7705898648387844, ""b_y"" => 5, ""s_x"" => 0.5, ""p_a"" => 0.25, ""s_ax"" => 0.7)",limit
0.0,0.6777777777777778,0.6081210874637568,0.365131349997722,0.14105349064097686,"Dict{String, Real}(""s_u"" => 0.7, ""h_x_bar"" => 1.0, ""h_x"" => 1.0, ""p_u"" => 0.5, ""s_y"" => 0.5, ""a"" => 2, ""h_y_bar"" => 0.7705898648387844, ""M"" => 1, ""phi"" => 0.1, ""s_ay"" => 0.7999999999999999, ""b_x"" => 3, ""h_y"" => 0.7705898648387844, ""b_y"" => 5, ""s_x"" => 0.5, ""p_a"" => 0.25, ""s_ax"" => 0.7)",css found
0.011111111111111112,0.6777777777777778,0.6420351719827689,0.3855113612773442,0.14018965088461469,"Dict{String, Real}(""s_u"" => 0.7, ""h_x_bar"" => 1.0, ""h_x"" => 1.0, ""p_u"" => 0.5, ""s_y"" => 0.5, ""a"" => 2, ""h_y_bar"" => 0.7705898648387844, ""M"" => 1, ""phi"" => 0.1, ""s_ay"" => 0.7999999999999999, ""b_x"" => 3, ""h_y"" => 0.7705898648387844, ""b_y"" => 5, ""s_x"" => 0.5, ""p_a"" => 0.25, ""s_ax"" => 0.7)",css found
0.022222222222222223,0.6777777777777778,0.6798144584788673,0.40821718154645026,0.13927118570987534,"Dict{String, Real}(""s_u"" => 0.7, ""h_x_bar"" => 1.0, ""h_x"" => 1.0, ""p_u"" => 0.5, ""s_y"" => 0.5, ""a"" => 2, ""h_y_bar"" => 0.7705898648387844, ""M"" => 1, ""phi"" => 0.1, ""s_ay"" => 0.7999999999999999, ""b_x"" => 3, ""h_y"" => 0.7705898648387844, ""b_y"" => 5, ""s_x"" => 0.5, ""p_a"" => 0.25, ""s_ax"" => 0.7)",css found
0.03333333333333333,0.6777777777777778,0.7222288196454301,0.4337123913583141,0.13829282454151307,"Dict{String, Real}(""s_u"" => 0.7, ""h_x_bar"" => 1.0, ""h_x"" => 1.0, ""p_u"" => 0.5, ""s_y"" => 0.5, ""a"" => 2, ""h_y_bar"" => 0.7705898648387844, ""M"" => 1, ""phi"" => 0.1, ""s_ay"" => 0.7999999999999999, ""b_x"" => 3, ""h_y"" => 0.7705898648387844, ""b_y"" => 5, ""s_x"" => 0.5, ""p_a"" => 0.25, ""s_ax"" => 0.7)",css found
0.044444444444444446,0.6777777777777778,0.7703088082713664,0.46261915295945577,0.13724838039291715,"Dict{String, Real}(""s_u"" => 0.7, ""h_x_bar"" => 1.0, ""h_x"" => 1.0, ""p_u"" => 0.5, ""s_y"" => 0.5, ""a"" => 2, ""h_y_bar"" => 0.7705898648387844, ""M"" => 1, ""phi"" => 0.1, ""s_ay"" => 0.7999999999999999, ""b_x"" => 3, ""h_y"" => 0.7705898648387844, ""b_y"" => 5, ""s_x"" => 0.5, ""p_a"" => 0.25, ""s_ax"" => 0.7)",css found
0.05555555555555555,0.6777777777777778,0.8254923432045513,0.49580518431205045,0.13613040468738868,"Dict{String, Real}(""s_u"" => 0.7, ""h_x_bar"" => 1.0, ""h_x"" => 1.0, ""p_u"" => 0.5, ""s_y"" => 0.5, ""a"" => 2, ""h_y_bar"" => 0.7705898648387844, ""M"" => 1, ""phi"" => 0.1, ""s_ay"" => 0.7999999999999999, ""b_x"" => 3, ""h_y"" => 0.7705898648387844, ""b_y"" => 5, ""s_x"" => 0.5, ""p_a"" => 0.25, ""s_ax"" => 0.7)",css found
0.06666666666666667,0.6777777777777778,0.8898831846869456,0.5345412375007638,0.13492961891754254,"Dict{String, Real}(""s_u"" => 0.7, ""h_x_bar"" => 1.0, ""h_x"" => 1.0, ""p_u"" => 0.5, ""s_y"" => 0.5, ""a"" => 2, ""h_y_bar"" => 0.7705898648387844, ""M"" => 1, ""phi"" => 0.1, ""s_ay"" => 0.7999999999999999, ""b_x"" => 3, ""h_y"" => 0.7705898648387844, ""b_y"" => 5, ""s_x"" => 0.5, ""p_a"" => 0.25, ""s_ax"" => 0.7)",css found
0.07777777777777778,0.6777777777777778,0.9667604430504916,0.5808111383955304,0.1336339155179321,"Dict{String, Real}(""s_u"" => 0.7, ""h_x_bar"" => 1.0, ""h_x"" => 1.0, ""p_u"" => 0.5, ""s_y"" => 0.5, ""a"" => 2, ""h_y_bar"" => 0.7705898648387844, ""M"" => 1, ""phi"" => 0.1, ""s_ay"" => 0.7999999999999999, ""b_x"" => 3, ""h_y"" => 0.7705898648387844, ""b_y"" => 5, ""s_x"" => 0.5, ""p_a"" => 0.25, ""s_ax"" => 0.7)",css found
0.08888888888888889,0.6777777777777778,1.0,0.6374370494930399,0.13224271744518085,"Dict{String, Real}(""s_u"" => 0.7, ""h_x_bar"" => 1.0, ""h_x"" => 1.0, ""p_u"" => 0.5, ""s_y"" => 0.5, ""a"" => 2, ""h_y_bar"" => 0.7705898648387844, ""M"" => 1, ""phi"" => 0.1, ""s_ay"" => 0.7999999999999999, ""b_x"" => 3, ""h_y"" => 0.7705898648387844, ""b_y"" => 5, ""s_x"" => 0.5, ""p_a"" => 0.25, ""s_ax"" => 0.7)",limit
0.1,0.6777777777777778,1.0,0.7123181277867096,0.13079504039801093,"Dict{String, Real}(""s_u"" => 0.7, ""h_x_bar"" => 1.0, ""h_x"" => 1.0, ""p_u"" => 0.5, ""s_y"" => 0.5, ""a"" => 2, ""h_y_bar"" => 0.7705898648387844, ""M"" => 1, ""phi"" => 0.1, ""s_ay"" => 0.7999999999999999, ""b_x"" => 3, ""h_y"" => 0.7705898648387844, ""b_y"" => 5, ""s_x"" => 0.5, ""p_a"" => 0.25, ""s_ax"" => 0.7)",limit
0.0,0.7,0.6319590008895533,0.37942346106293073,0.14023546362484515,"Dict{String, Real}(""s_u"" => 0.7, ""h_x_bar"" => 1.0, ""h_x"" => 1.0, ""p_u"" => 0.5, ""s_y"" => 0.5, ""a"" => 2, ""h_y_bar"" => 0.7705898648387844, ""M"" => 1, ""phi"" => 0.1, ""s_ay"" => 0.7999999999999999, ""b_x"" => 3, ""h_y"" => 0.7705898648387844, ""b_y"" => 5, ""s_x"" => 0.5, ""p_a"" => 0.25, ""s_ax"" => 0.7)",css found
0.011111111111111112,0.7,0.6678130788254011,0.4009673601379266,0.13935346080957087,"Dict{String, Real}(""s_u"" => 0.7, ""h_x_bar"" => 1.0, ""h_x"" => 1.0, ""p_u"" => 0.5, ""s_y"" => 0.5, ""a"" => 2, ""h_y_bar"" => 0.7705898648387844, ""M"" => 1, ""phi"" => 0.1, ""s_ay"" => 0.7999999999999999, ""b_x"" => 3, ""h_y"" => 0.7705898648387844, ""b_y"" => 5, ""s_x"" => 0.5, ""p_a"" => 0.25, ""s_ax"" => 0.7)",css found
0.022222222222222223,0.7,0.7079218799206173,0.4250710467698965,0.13841559282099977,"Dict{String, Real}(""s_u"" => 0.7, ""h_x_bar"" => 1.0, ""h_x"" => 1.0, ""p_u"" => 0.5, ""s_y"" => 0.5, ""a"" => 2, ""h_y_bar"" => 0.7705898648387844, ""M"" => 1, ""phi"" => 0.1, ""s_ay"" => 0.7999999999999999, ""b_x"" => 3, ""h_y"" => 0.7705898648387844, ""b_y"" => 5, ""s_x"" => 0.5, ""p_a"" => 0.25, ""s_ax"" => 0.7)",css found
0.03333333333333333,0.7,0.7531931051657715,0.4522817218419232,0.13741624009954514,"Dict{String, Real}(""s_u"" => 0.7, ""h_x_bar"" => 1.0, ""h_x"" => 1.0, ""p_u"" => 0.5, ""s_y"" => 0.5, ""a"" => 2, ""h_y_bar"" => 0.7705898648387844, ""M"" => 1, ""phi"" => 0.1, ""s_ay"" => 0.7999999999999999, ""b_x"" => 3, ""h_y"" => 0.7705898648387844, ""b_y"" => 5, ""s_x"" => 0.5, ""p_a"" => 0.25, ""s_ax"" => 0.7)",css found
0.044444444444444446,0.7,0.8048730077672257,0.48335065917941344,0.1363486947165418,"Dict{String, Real}(""s_u"" => 0.7, ""h_x_bar"" => 1.0, ""h_x"" => 1.0, ""p_u"" => 0.5, ""s_y"" => 0.5, ""a"" => 2, ""h_y_bar"" => 0.7705898648387844, ""M"" => 1, ""phi"" => 0.1, ""s_ay"" => 0.7999999999999999, ""b_x"" => 3, ""h_y"" => 0.7705898648387844, ""b_y"" => 5, ""s_x"" => 0.5, ""p_a"" => 0.25, ""s_ax"" => 0.7)",css found
0.05555555555555555,0.7,0.864747307337852,0.5193557313234133,0.13520470484469252,"Dict{String, Real}(""s_u"" => 0.7, ""h_x_bar"" => 1.0, ""h_x"" => 1.0, ""p_u"" => 0.5, ""s_y"" => 0.5, ""a"" => 2, ""h_y_bar"" => 0.7705898648387844, ""M"" => 1, ""phi"" => 0.1, ""s_ay"" => 0.7999999999999999, ""b_x"" => 3, ""h_y"" => 0.7705898648387844, ""b_y"" => 5, ""s_x"" => 0.5, ""p_a"" => 0.25, ""s_ax"" => 0.7)",css found
0.06666666666666667,0.7,0.9355256032439795,0.5619339392071538,0.13397369785423272,"Dict{String, Real}(""s_u"" => 0.7, ""h_x_bar"" => 1.0, ""h_x"" => 1.0, ""p_u"" => 0.5, ""s_y"" => 0.5, ""a"" => 2, ""h_y_bar"" => 0.7705898648387844, ""M"" => 1, ""phi"" => 0.1, ""s_ay"" => 0.7999999999999999, ""b_x"" => 3, ""h_y"" => 0.7705898648387844, ""b_y"" => 5, ""s_x"" => 0.5, ""p_a"" => 0.25, ""s_ax"" => 0.7)",css found
0.07777777777777778,0.7,1.0,0.6134547730240726,0.13264362794299434,"Dict{String, Real}(""s_u"" => 0.7, ""h_x_bar"" => 1.0, ""h_x"" => 1.0, ""p_u"" => 0.5, ""s_y"" => 0.5, ""a"" => 2, ""h_y_bar"" => 0.7705898648387844, ""M"" => 1, ""phi"" => 0.1, ""s_ay"" => 0.7999999999999999, ""b_x"" => 3, ""h_y"" => 0.7705898648387844, ""b_y"" => 5, ""s_x"" => 0.5, ""p_a"" => 0.25, ""s_ax"" => 0.7)",limit
0.08888888888888889,0.7,1.0,0.679389932915093,0.13124877128021456,"Dict{String, Real}(""s_u"" => 0.7, ""h_x_bar"" => 1.0, ""h_x"" => 1.0, ""p_u"" => 0.5, ""s_y"" => 0.5, ""a"" => 2, ""h_y_bar"" => 0.7705898648387844, ""M"" => 1, ""phi"" => 0.1, ""s_ay"" => 0.7999999999999999, ""b_x"" => 3, ""h_y"" => 0.7705898648387844, ""b_y"" => 5, ""s_x"" => 0.5, ""p_a"" => 0.25, ""s_ax"" => 0.7)",limit
0.1,0.7,1.0,0.7705898648387844,0.12979112520173222,"Dict{String, Real}(""s_u"" => 0.7, ""h_x_bar"" => 1.0, ""h_x"" => 1.0, ""p_u"" => 0.5, ""s_y"" => 0.5, ""a"" => 2, ""h_y_bar"" => 0.7705898648387844, ""M"" => 1, ""phi"" => 0.1, ""s_ay"" => 0.7999999999999999, ""b_x"" => 3, ""h_y"" => 0.7705898648387844, ""b_y"" => 5, ""s_x"" => 0.5, ""p_a"" => 0.25, ""s_ax"" => 0.7)",limit
