ds,phi,h_x,h_y,cost,GA,parameters,reason
0.2,0.0,0.7398306949425904,0.7414604899998578,-2.5162115593613255e-6,0.10422763732714962,"Dict{String, Real}(""s_u"" => 0.5, ""h_x_bar"" => 1.0, ""h_x"" => 1.0, ""p_u"" => 0.5, ""s_y"" => 0.9, ""a"" => 2, ""h_y_bar"" => 1.0, ""M"" => 1, ""phi"" => 1.0, ""s_ay"" => 0.6, ""b_x"" => 3, ""h_y"" => 1.0, ""b_y"" => 3, ""s_x"" => 0.5, ""p_a"" => 0.25, ""s_ax"" => 0.5)",css found
0.2,0.05263157894736842,0.7582221784330163,0.7598810680165081,-2.4709704509323638e-6,0.10393772576352714,"Dict{String, Real}(""s_u"" => 0.5, ""h_x_bar"" => 1.0, ""h_x"" => 1.0, ""p_u"" => 0.5, ""s_y"" => 0.9, ""a"" => 2, ""h_y_bar"" => 1.0, ""M"" => 1, ""phi"" => 1.0, ""s_ay"" => 0.6, ""b_x"" => 3, ""h_y"" => 1.0, ""b_y"" => 3, ""s_x"" => 0.5, ""p_a"" => 0.25, ""s_ax"" => 0.5)",css found
0.2,0.10526315789473684,0.7757580529000883,0.7774404344029824,-2.4303128047242772e-6,0.10368400685529466,"Dict{String, Real}(""s_u"" => 0.5, ""h_x_bar"" => 1.0, ""h_x"" => 1.0, ""p_u"" => 0.5, ""s_y"" => 0.9, ""a"" => 2, ""h_y_bar"" => 1.0, ""M"" => 1, ""phi"" => 1.0, ""s_ay"" => 0.6, ""b_x"" => 3, ""h_y"" => 1.0, ""b_y"" => 3, ""s_x"" => 0.5, ""p_a"" => 0.25, ""s_ax"" => 0.5)",css found
0.2,0.15789473684210525,0.7925409525141022,0.79424311151042,-2.393523020574606e-6,0.10346092220079013,"Dict{String, Real}(""s_u"" => 0.5, ""h_x_bar"" => 1.0, ""h_x"" => 1.0, ""p_u"" => 0.5, ""s_y"" => 0.9, ""a"" => 2, ""h_y_bar"" => 1.0, ""M"" => 1, ""phi"" => 1.0, ""s_ay"" => 0.6, ""b_x"" => 3, ""h_y"" => 1.0, ""b_y"" => 3, ""s_x"" => 0.5, ""p_a"" => 0.25, ""s_ax"" => 0.5)",css found
0.2,0.21052631578947367,0.8086567892181281,0.8103753980823857,-2.36003163278653e-6,0.103264032366546,"Dict{String, Real}(""s_u"" => 0.5, ""h_x_bar"" => 1.0, ""h_x"" => 1.0, ""p_u"" => 0.5, ""s_y"" => 0.9, ""a"" => 2, ""h_y_bar"" => 1.0, ""M"" => 1, ""phi"" => 1.0, ""s_ay"" => 0.6, ""b_x"" => 3, ""h_y"" => 1.0, ""b_y"" => 3, ""s_x"" => 0.5, ""p_a"" => 0.25, ""s_ax"" => 0.5)",css found
0.2,0.2631578947368421,0.8241764576615093,0.8259093146989359,-2.3293811960700683e-6,0.10308975687402676,"Dict{String, Real}(""s_u"" => 0.5, ""h_x_bar"" => 1.0, ""h_x"" => 1.0, ""p_u"" => 0.5, ""s_y"" => 0.9, ""a"" => 2, ""h_y_bar"" => 1.0, ""M"" => 1, ""phi"" => 1.0, ""s_ay"" => 0.6, ""b_x"" => 3, ""h_y"" => 1.0, ""b_y"" => 3, ""s_x"" => 0.5, ""p_a"" => 0.25, ""s_ax"" => 0.5)",css found
0.2,0.3157894736842105,0.8391604069037033,0.8409056623293868,-2.3011979538578586e-6,0.10293516106622075,"Dict{String, Real}(""s_u"" => 0.5, ""h_x_bar"" => 1.0, ""h_x"" => 1.0, ""p_u"" => 0.5, ""s_y"" => 0.9, ""a"" => 2, ""h_y_bar"" => 1.0, ""M"" => 1, ""phi"" => 1.0, ""s_ay"" => 0.6, ""b_x"" => 3, ""h_y"" => 1.0, ""b_y"" => 3, ""s_x"" => 0.5, ""p_a"" => 0.25, ""s_ax"" => 0.5)",css found
0.2,0.3684210526315789,0.8536594322240085,0.855416211966035,-2.2751743692372983e-6,0.10279782189533021,"Dict{String, Real}(""s_u"" => 0.5, ""h_x_bar"" => 1.0, ""h_x"" => 1.0, ""p_u"" => 0.5, ""s_y"" => 0.9, ""a"" => 2, ""h_y_bar"" => 1.0, ""M"" => 1, ""phi"" => 1.0, ""s_ay"" => 0.6, ""b_x"" => 3, ""h_y"" => 1.0, ""b_y"" => 3, ""s_x"" => 0.5, ""p_a"" => 0.25, ""s_ax"" => 0.5)",css found
0.2,0.42105263157894735,0.8677189128014482,0.8694854607240815,-2.251052440199741e-6,0.10267570635887677,"Dict{String, Real}(""s_u"" => 0.5, ""h_x_bar"" => 1.0, ""h_x"" => 1.0, ""p_u"" => 0.5, ""s_y"" => 0.9, ""a"" => 2, ""h_y_bar"" => 1.0, ""M"" => 1, ""phi"" => 1.0, ""s_ay"" => 0.6, ""b_x"" => 3, ""h_y"" => 1.0, ""b_y"" => 3, ""s_x"" => 0.5, ""p_a"" => 0.25, ""s_ax"" => 0.5)",css found
0.2,0.47368421052631576,0.8813761533265453,0.8831518649533324,-2.2286171816598976e-6,0.10256711345365366,"Dict{String, Real}(""s_u"" => 0.5, ""h_x_bar"" => 1.0, ""h_x"" => 1.0, ""p_u"" => 0.5, ""s_y"" => 0.9, ""a"" => 2, ""h_y_bar"" => 1.0, ""M"" => 1, ""phi"" => 1.0, ""s_ay"" => 0.6, ""b_x"" => 3, ""h_y"" => 1.0, ""b_y"" => 3, ""s_x"" => 0.5, ""p_a"" => 0.25, ""s_ax"" => 0.5)",css found
0.2,0.5263157894736842,0.8946644315094823,0.8964489336459448,-2.207685651789415e-6,0.1024705866385863,"Dict{String, Real}(""s_u"" => 0.5, ""h_x_bar"" => 1.0, ""h_x"" => 1.0, ""p_u"" => 0.5, ""s_y"" => 0.9, ""a"" => 2, ""h_y_bar"" => 1.0, ""M"" => 1, ""phi"" => 1.0, ""s_ay"" => 0.6, ""b_x"" => 3, ""h_y"" => 1.0, ""b_y"" => 3, ""s_x"" => 0.5, ""p_a"" => 0.25, ""s_ax"" => 0.5)",css found
0.2,0.5789473684210527,0.9076138271693375,0.9094060372712853,-2.188100689082262e-6,0.1023848832471381,"Dict{String, Real}(""s_u"" => 0.5, ""h_x_bar"" => 1.0, ""h_x"" => 1.0, ""p_u"" => 0.5, ""s_y"" => 0.9, ""a"" => 2, ""h_y_bar"" => 1.0, ""M"" => 1, ""phi"" => 1.0, ""s_ay"" => 0.6, ""b_x"" => 3, ""h_y"" => 1.0, ""b_y"" => 3, ""s_x"" => 0.5, ""p_a"" => 0.25, ""s_ax"" => 0.5)",css found
0.2,0.631578947368421,0.9202488873198231,0.922049018409289,-2.169728947676308e-6,0.10230893310728631,"Dict{String, Real}(""s_u"" => 0.5, ""h_x_bar"" => 1.0, ""h_x"" => 1.0, ""p_u"" => 0.5, ""s_y"" => 0.9, ""a"" => 2, ""h_y_bar"" => 1.0, ""M"" => 1, ""phi"" => 1.0, ""s_ay"" => 0.6, ""b_x"" => 3, ""h_y"" => 1.0, ""b_y"" => 3, ""s_x"" => 0.5, ""p_a"" => 0.25, ""s_ax"" => 0.5)",css found
0.2,0.6842105263157895,0.9325936618152377,0.9344007888804141,-2.1524529943001136e-6,0.10224180530192356,"Dict{String, Real}(""s_u"" => 0.5, ""h_x_bar"" => 1.0, ""h_x"" => 1.0, ""p_u"" => 0.5, ""s_y"" => 0.9, ""a"" => 2, ""h_y_bar"" => 1.0, ""M"" => 1, ""phi"" => 1.0, ""s_ay"" => 0.6, ""b_x"" => 3, ""h_y"" => 1.0, ""b_y"" => 3, ""s_x"" => 0.5, ""p_a"" => 0.25, ""s_ax"" => 0.5)",css found
0.2,0.7368421052631579,0.9446676425995697,0.9464816954242967,-2.1361722345458745e-6,0.10218269150325882,"Dict{String, Real}(""s_u"" => 0.5, ""h_x_bar"" => 1.0, ""h_x"" => 1.0, ""p_u"" => 0.5, ""s_y"" => 0.9, ""a"" => 2, ""h_y_bar"" => 1.0, ""M"" => 1, ""phi"" => 1.0, ""s_ay"" => 0.6, ""b_x"" => 3, ""h_y"" => 1.0, ""b_y"" => 3, ""s_x"" => 0.5, ""p_a"" => 0.25, ""s_ax"" => 0.5)",css found
0.2,0.7894736842105263,0.9564896236987462,0.958309929131265,-2.1207975076376062e-6,0.10213088104559229,"Dict{String, Real}(""s_u"" => 0.5, ""h_x_bar"" => 1.0, ""h_x"" => 1.0, ""p_u"" => 0.5, ""s_y"" => 0.9, ""a"" => 2, ""h_y_bar"" => 1.0, ""M"" => 1, ""phi"" => 1.0, ""s_ay"" => 0.6, ""b_x"" => 3, ""h_y"" => 1.0, ""b_y"" => 3, ""s_x"" => 0.5, ""p_a"" => 0.25, ""s_ax"" => 0.5)",css found
0.2,0.8421052631578947,0.9680750011822709,0.9699017739778477,-2.1062515579012286e-6,0.10208574869974527,"Dict{String, Real}(""s_u"" => 0.5, ""h_x_bar"" => 1.0, ""h_x"" => 1.0, ""p_u"" => 0.5, ""s_y"" => 0.9, ""a"" => 2, ""h_y_bar"" => 1.0, ""M"" => 1, ""phi"" => 1.0, ""s_ay"" => 0.6, ""b_x"" => 3, ""h_y"" => 1.0, ""b_y"" => 3, ""s_x"" => 0.5, ""p_a"" => 0.25, ""s_ax"" => 0.5)",css found
0.2,0.8947368421052632,0.9794390215981318,0.9812719022463311,-2.092465092445872e-6,0.10204673717965393,"Dict{String, Real}(""s_u"" => 0.5, ""h_x_bar"" => 1.0, ""h_x"" => 1.0, ""p_u"" => 0.5, ""s_y"" => 0.9, ""a"" => 2, ""h_y_bar"" => 1.0, ""M"" => 1, ""phi"" => 1.0, ""s_ay"" => 0.6, ""b_x"" => 3, ""h_y"" => 1.0, ""b_y"" => 3, ""s_x"" => 0.5, ""p_a"" => 0.25, ""s_ax"" => 0.5)",css found
0.2,0.9473684210526315,0.990594493715884,0.9924335415999463,-2.0793772342181382e-6,0.10201335925392477,"Dict{String, Real}(""s_u"" => 0.5, ""h_x_bar"" => 1.0, ""h_x"" => 1.0, ""p_u"" => 0.5, ""s_y"" => 0.9, ""a"" => 2, ""h_y_bar"" => 1.0, ""M"" => 1, ""phi"" => 1.0, ""s_ay"" => 0.6, ""b_x"" => 3, ""h_y"" => 1.0, ""b_y"" => 3, ""s_x"" => 0.5, ""p_a"" => 0.25, ""s_ax"" => 0.5)",css found
0.2,1.0,1.0,1.0,-2.0695080865107407e-6,0.10199185159853263,"Dict{String, Real}(""s_u"" => 0.5, ""h_x_bar"" => 1.0, ""h_x"" => 1.0, ""p_u"" => 0.5, ""s_y"" => 0.9, ""a"" => 2, ""h_y_bar"" => 1.0, ""M"" => 1, ""phi"" => 1.0, ""s_ay"" => 0.6, ""b_x"" => 3, ""h_y"" => 1.0, ""b_y"" => 3, ""s_x"" => 0.5, ""p_a"" => 0.25, ""s_ax"" => 0.5)",stagnation
0.3,0.0,0.9994739343198906,1.0,-1.6366030654024755e-6,0.06712924575384464,"Dict{String, Real}(""s_u"" => 0.5, ""h_x_bar"" => 1.0, ""h_x"" => 1.0, ""p_u"" => 0.5, ""s_y"" => 0.9, ""a"" => 2, ""h_y_bar"" => 1.0, ""M"" => 1, ""phi"" => 1.0, ""s_ay"" => 0.6, ""b_x"" => 3, ""h_y"" => 1.0, ""b_y"" => 3, ""s_x"" => 0.5, ""p_a"" => 0.25, ""s_ax"" => 0.5)",limit
0.3,0.05263157894736842,1.0,1.0,-1.6363378388811745e-6,0.06712868334932963,"Dict{String, Real}(""s_u"" => 0.5, ""h_x_bar"" => 1.0, ""h_x"" => 1.0, ""p_u"" => 0.5, ""s_y"" => 0.9, ""a"" => 2, ""h_y_bar"" => 1.0, ""M"" => 1, ""phi"" => 1.0, ""s_ay"" => 0.6, ""b_x"" => 3, ""h_y"" => 1.0, ""b_y"" => 3, ""s_x"" => 0.5, ""p_a"" => 0.25, ""s_ax"" => 0.5)",stagnation
0.3,0.10526315789473684,1.0,1.0,-1.636337847277236e-6,0.06712868300720055,"Dict{String, Real}(""s_u"" => 0.5, ""h_x_bar"" => 1.0, ""h_x"" => 1.0, ""p_u"" => 0.5, ""s_y"" => 0.9, ""a"" => 2, ""h_y_bar"" => 1.0, ""M"" => 1, ""phi"" => 1.0, ""s_ay"" => 0.6, ""b_x"" => 3, ""h_y"" => 1.0, ""b_y"" => 3, ""s_x"" => 0.5, ""p_a"" => 0.25, ""s_ax"" => 0.5)",stagnation
0.3,0.15789473684210525,1.0,1.0,-1.636337847540914e-6,0.06712868300351005,"Dict{String, Real}(""s_u"" => 0.5, ""h_x_bar"" => 1.0, ""h_x"" => 1.0, ""p_u"" => 0.5, ""s_y"" => 0.9, ""a"" => 2, ""h_y_bar"" => 1.0, ""M"" => 1, ""phi"" => 1.0, ""s_ay"" => 0.6, ""b_x"" => 3, ""h_y"" => 1.0, ""b_y"" => 3, ""s_x"" => 0.5, ""p_a"" => 0.25, ""s_ax"" => 0.5)",stagnation
0.3,0.21052631578947367,1.0,1.0,-1.6363378896738778e-6,0.06712868126839616,"Dict{String, Real}(""s_u"" => 0.5, ""h_x_bar"" => 1.0, ""h_x"" => 1.0, ""p_u"" => 0.5, ""s_y"" => 0.9, ""a"" => 2, ""h_y_bar"" => 1.0, ""M"" => 1, ""phi"" => 1.0, ""s_ay"" => 0.6, ""b_x"" => 3, ""h_y"" => 1.0, ""b_y"" => 3, ""s_x"" => 0.5, ""p_a"" => 0.25, ""s_ax"" => 0.5)",stagnation
0.3,0.2631578947368421,1.0,1.0,-1.636337879792893e-6,0.06712868169620001,"Dict{String, Real}(""s_u"" => 0.5, ""h_x_bar"" => 1.0, ""h_x"" => 1.0, ""p_u"" => 0.5, ""s_y"" => 0.9, ""a"" => 2, ""h_y_bar"" => 1.0, ""M"" => 1, ""phi"" => 1.0, ""s_ay"" => 0.6, ""b_x"" => 3, ""h_y"" => 1.0, ""b_y"" => 3, ""s_x"" => 0.5, ""p_a"" => 0.25, ""s_ax"" => 0.5)",stagnation
0.3,0.3157894736842105,1.0,1.0,-1.6363378503719828e-6,0.06712868288031386,"Dict{String, Real}(""s_u"" => 0.5, ""h_x_bar"" => 1.0, ""h_x"" => 1.0, ""p_u"" => 0.5, ""s_y"" => 0.9, ""a"" => 2, ""h_y_bar"" => 1.0, ""M"" => 1, ""phi"" => 1.0, ""s_ay"" => 0.6, ""b_x"" => 3, ""h_y"" => 1.0, ""b_y"" => 3, ""s_x"" => 0.5, ""p_a"" => 0.25, ""s_ax"" => 0.5)",stagnation
0.3,0.3684210526315789,1.0,1.0,-1.6363378507328052e-6,0.06712868288541585,"Dict{String, Real}(""s_u"" => 0.5, ""h_x_bar"" => 1.0, ""h_x"" => 1.0, ""p_u"" => 0.5, ""s_y"" => 0.9, ""a"" => 2, ""h_y_bar"" => 1.0, ""M"" => 1, ""phi"" => 1.0, ""s_ay"" => 0.6, ""b_x"" => 3, ""h_y"" => 1.0, ""b_y"" => 3, ""s_x"" => 0.5, ""p_a"" => 0.25, ""s_ax"" => 0.5)",stagnation
0.3,0.42105263157894735,1.0,1.0,-1.6363378879530321e-6,0.06712868134095808,"Dict{String, Real}(""s_u"" => 0.5, ""h_x_bar"" => 1.0, ""h_x"" => 1.0, ""p_u"" => 0.5, ""s_y"" => 0.9, ""a"" => 2, ""h_y_bar"" => 1.0, ""M"" => 1, ""phi"" => 1.0, ""s_ay"" => 0.6, ""b_x"" => 3, ""h_y"" => 1.0, ""b_y"" => 3, ""s_x"" => 0.5, ""p_a"" => 0.25, ""s_ax"" => 0.5)",stagnation
0.3,0.47368421052631576,1.0,1.0,-1.6363378536610185e-6,0.06712868277547195,"Dict{String, Real}(""s_u"" => 0.5, ""h_x_bar"" => 1.0, ""h_x"" => 1.0, ""p_u"" => 0.5, ""s_y"" => 0.9, ""a"" => 2, ""h_y_bar"" => 1.0, ""M"" => 1, ""phi"" => 1.0, ""s_ay"" => 0.6, ""b_x"" => 3, ""h_y"" => 1.0, ""b_y"" => 3, ""s_x"" => 0.5, ""p_a"" => 0.25, ""s_ax"" => 0.5)",stagnation
0.3,0.5263157894736842,1.0,1.0,-1.6363378482209257e-6,0.06712868300045961,"Dict{String, Real}(""s_u"" => 0.5, ""h_x_bar"" => 1.0, ""h_x"" => 1.0, ""p_u"" => 0.5, ""s_y"" => 0.9, ""a"" => 2, ""h_y_bar"" => 1.0, ""M"" => 1, ""phi"" => 1.0, ""s_ay"" => 0.6, ""b_x"" => 3, ""h_y"" => 1.0, ""b_y"" => 3, ""s_x"" => 0.5, ""p_a"" => 0.25, ""s_ax"" => 0.5)",stagnation
0.3,0.5789473684210527,1.0,1.0,-1.6363378907563453e-6,0.06712868123852776,"Dict{String, Real}(""s_u"" => 0.5, ""h_x_bar"" => 1.0, ""h_x"" => 1.0, ""p_u"" => 0.5, ""s_y"" => 0.9, ""a"" => 2, ""h_y_bar"" => 1.0, ""M"" => 1, ""phi"" => 1.0, ""s_ay"" => 0.6, ""b_x"" => 3, ""h_y"" => 1.0, ""b_y"" => 3, ""s_x"" => 0.5, ""p_a"" => 0.25, ""s_ax"" => 0.5)",stagnation
0.3,0.631578947368421,1.0,1.0,-1.6363378832762177e-6,0.06712868154806556,"Dict{String, Real}(""s_u"" => 0.5, ""h_x_bar"" => 1.0, ""h_x"" => 1.0, ""p_u"" => 0.5, ""s_y"" => 0.9, ""a"" => 2, ""h_y_bar"" => 1.0, ""M"" => 1, ""phi"" => 1.0, ""s_ay"" => 0.6, ""b_x"" => 3, ""h_y"" => 1.0, ""b_y"" => 3, ""s_x"" => 0.5, ""p_a"" => 0.25, ""s_ax"" => 0.5)",stagnation
0.3,0.6842105263157895,1.0,1.0,-1.6363378523981398e-6,0.06712868281374465,"Dict{String, Real}(""s_u"" => 0.5, ""h_x_bar"" => 1.0, ""h_x"" => 1.0, ""p_u"" => 0.5, ""s_y"" => 0.9, ""a"" => 2, ""h_y_bar"" => 1.0, ""M"" => 1, ""phi"" => 1.0, ""s_ay"" => 0.6, ""b_x"" => 3, ""h_y"" => 1.0, ""b_y"" => 3, ""s_x"" => 0.5, ""p_a"" => 0.25, ""s_ax"" => 0.5)",stagnation
0.3,0.7368421052631579,1.0,1.0,-1.6363378420591879e-6,0.06712868323002713,"Dict{String, Real}(""s_u"" => 0.5, ""h_x_bar"" => 1.0, ""h_x"" => 1.0, ""p_u"" => 0.5, ""s_y"" => 0.9, ""a"" => 2, ""h_y_bar"" => 1.0, ""M"" => 1, ""phi"" => 1.0, ""s_ay"" => 0.6, ""b_x"" => 3, ""h_y"" => 1.0, ""b_y"" => 3, ""s_x"" => 0.5, ""p_a"" => 0.25, ""s_ax"" => 0.5)",stagnation
0.3,0.7894736842105263,1.0,1.0,-1.636337850746683e-6,0.06712868288275366,"Dict{String, Real}(""s_u"" => 0.5, ""h_x_bar"" => 1.0, ""h_x"" => 1.0, ""p_u"" => 0.5, ""s_y"" => 0.9, ""a"" => 2, ""h_y_bar"" => 1.0, ""M"" => 1, ""phi"" => 1.0, ""s_ay"" => 0.6, ""b_x"" => 3, ""h_y"" => 1.0, ""b_y"" => 3, ""s_x"" => 0.5, ""p_a"" => 0.25, ""s_ax"" => 0.5)",stagnation
0.3,0.8421052631578947,1.0,1.0,-1.636337876448346e-6,0.06712868182379211,"Dict{String, Real}(""s_u"" => 0.5, ""h_x_bar"" => 1.0, ""h_x"" => 1.0, ""p_u"" => 0.5, ""s_y"" => 0.9, ""a"" => 2, ""h_y_bar"" => 1.0, ""M"" => 1, ""phi"" => 1.0, ""s_ay"" => 0.6, ""b_x"" => 3, ""h_y"" => 1.0, ""b_y"" => 3, ""s_x"" => 0.5, ""p_a"" => 0.25, ""s_ax"" => 0.5)",stagnation
0.3,0.8947368421052632,1.0,1.0,-1.6363378538691853e-6,0.06712868273763045,"Dict{String, Real}(""s_u"" => 0.5, ""h_x_bar"" => 1.0, ""h_x"" => 1.0, ""p_u"" => 0.5, ""s_y"" => 0.9, ""a"" => 2, ""h_y_bar"" => 1.0, ""M"" => 1, ""phi"" => 1.0, ""s_ay"" => 0.6, ""b_x"" => 3, ""h_y"" => 1.0, ""b_y"" => 3, ""s_x"" => 0.5, ""p_a"" => 0.25, ""s_ax"" => 0.5)",stagnation
0.3,0.9473684210526315,1.0,1.0,-1.636337882790495e-6,0.06712868157921681,"Dict{String, Real}(""s_u"" => 0.5, ""h_x_bar"" => 1.0, ""h_x"" => 1.0, ""p_u"" => 0.5, ""s_y"" => 0.9, ""a"" => 2, ""h_y_bar"" => 1.0, ""M"" => 1, ""phi"" => 1.0, ""s_ay"" => 0.6, ""b_x"" => 3, ""h_y"" => 1.0, ""b_y"" => 3, ""s_x"" => 0.5, ""p_a"" => 0.25, ""s_ax"" => 0.5)",stagnation
0.3,1.0,1.0,1.0,-1.6363378556732977e-6,0.06712868267333638,"Dict{String, Real}(""s_u"" => 0.5, ""h_x_bar"" => 1.0, ""h_x"" => 1.0, ""p_u"" => 0.5, ""s_y"" => 0.9, ""a"" => 2, ""h_y_bar"" => 1.0, ""M"" => 1, ""phi"" => 1.0, ""s_ay"" => 0.6, ""b_x"" => 3, ""h_y"" => 1.0, ""b_y"" => 3, ""s_x"" => 0.5, ""p_a"" => 0.25, ""s_ax"" => 0.5)",stagnation
0.4,0.0,1.0,1.0,-1.0720548509202121e-6,0.03563947055807026,"Dict{String, Real}(""s_u"" => 0.5, ""h_x_bar"" => 1.0, ""h_x"" => 1.0, ""p_u"" => 0.5, ""s_y"" => 0.9, ""a"" => 2, ""h_y_bar"" => 1.0, ""M"" => 1, ""phi"" => 1.0, ""s_ay"" => 0.6, ""b_x"" => 3, ""h_y"" => 1.0, ""b_y"" => 3, ""s_x"" => 0.5, ""p_a"" => 0.25, ""s_ax"" => 0.5)",stagnation
0.4,0.05263157894736842,1.0,1.0,-1.0720548412751496e-6,0.035639470826828855,"Dict{String, Real}(""s_u"" => 0.5, ""h_x_bar"" => 1.0, ""h_x"" => 1.0, ""p_u"" => 0.5, ""s_y"" => 0.9, ""a"" => 2, ""h_y_bar"" => 1.0, ""M"" => 1, ""phi"" => 1.0, ""s_ay"" => 0.6, ""b_x"" => 3, ""h_y"" => 1.0, ""b_y"" => 3, ""s_x"" => 0.5, ""p_a"" => 0.25, ""s_ax"" => 0.5)",stagnation
0.4,0.10526315789473684,1.0,1.0,-1.0720547982054351e-6,0.03563947205908094,"Dict{String, Real}(""s_u"" => 0.5, ""h_x_bar"" => 1.0, ""h_x"" => 1.0, ""p_u"" => 0.5, ""s_y"" => 0.9, ""a"" => 2, ""h_y_bar"" => 1.0, ""M"" => 1, ""phi"" => 1.0, ""s_ay"" => 0.6, ""b_x"" => 3, ""h_y"" => 1.0, ""b_y"" => 3, ""s_x"" => 0.5, ""p_a"" => 0.25, ""s_ax"" => 0.5)",stagnation
0.4,0.15789473684210525,1.0,1.0,-1.0720548053039236e-6,0.035639471854142825,"Dict{String, Real}(""s_u"" => 0.5, ""h_x_bar"" => 1.0, ""h_x"" => 1.0, ""p_u"" => 0.5, ""s_y"" => 0.9, ""a"" => 2, ""h_y_bar"" => 1.0, ""M"" => 1, ""phi"" => 1.0, ""s_ay"" => 0.6, ""b_x"" => 3, ""h_y"" => 1.0, ""b_y"" => 3, ""s_x"" => 0.5, ""p_a"" => 0.25, ""s_ax"" => 0.5)",stagnation
0.4,0.21052631578947367,1.0,1.0,-1.072054792855548e-6,0.03563947220290467,"Dict{String, Real}(""s_u"" => 0.5, ""h_x_bar"" => 1.0, ""h_x"" => 1.0, ""p_u"" => 0.5, ""s_y"" => 0.9, ""a"" => 2, ""h_y_bar"" => 1.0, ""M"" => 1, ""phi"" => 1.0, ""s_ay"" => 0.6, ""b_x"" => 3, ""h_y"" => 1.0, ""b_y"" => 3, ""s_x"" => 0.5, ""p_a"" => 0.25, ""s_ax"" => 0.5)",stagnation
0.4,0.2631578947368421,1.0,1.0,-1.072054786305232e-6,0.035639472393329444,"Dict{String, Real}(""s_u"" => 0.5, ""h_x_bar"" => 1.0, ""h_x"" => 1.0, ""p_u"" => 0.5, ""s_y"" => 0.9, ""a"" => 2, ""h_y_bar"" => 1.0, ""M"" => 1, ""phi"" => 1.0, ""s_ay"" => 0.6, ""b_x"" => 3, ""h_y"" => 1.0, ""b_y"" => 3, ""s_x"" => 0.5, ""p_a"" => 0.25, ""s_ax"" => 0.5)",stagnation
0.4,0.3157894736842105,1.0,1.0,-1.0720547840639694e-6,0.03563947246301396,"Dict{String, Real}(""s_u"" => 0.5, ""h_x_bar"" => 1.0, ""h_x"" => 1.0, ""p_u"" => 0.5, ""s_y"" => 0.9, ""a"" => 2, ""h_y_bar"" => 1.0, ""M"" => 1, ""phi"" => 1.0, ""s_ay"" => 0.6, ""b_x"" => 3, ""h_y"" => 1.0, ""b_y"" => 3, ""s_x"" => 0.5, ""p_a"" => 0.25, ""s_ax"" => 0.5)",stagnation
0.4,0.3684210526315789,1.0,1.0,-1.072054802798983e-6,0.03563947192699264,"Dict{String, Real}(""s_u"" => 0.5, ""h_x_bar"" => 1.0, ""h_x"" => 1.0, ""p_u"" => 0.5, ""s_y"" => 0.9, ""a"" => 2, ""h_y_bar"" => 1.0, ""M"" => 1, ""phi"" => 1.0, ""s_ay"" => 0.6, ""b_x"" => 3, ""h_y"" => 1.0, ""b_y"" => 3, ""s_x"" => 0.5, ""p_a"" => 0.25, ""s_ax"" => 0.5)",stagnation
0.4,0.42105263157894735,1.0,1.0,-1.0720547890877286e-6,0.035639472309377404,"Dict{String, Real}(""s_u"" => 0.5, ""h_x_bar"" => 1.0, ""h_x"" => 1.0, ""p_u"" => 0.5, ""s_y"" => 0.9, ""a"" => 2, ""h_y_bar"" => 1.0, ""M"" => 1, ""phi"" => 1.0, ""s_ay"" => 0.6, ""b_x"" => 3, ""h_y"" => 1.0, ""b_y"" => 3, ""s_x"" => 0.5, ""p_a"" => 0.25, ""s_ax"" => 0.5)",stagnation
0.4,0.47368421052631576,1.0,1.0,-1.0720548003287367e-6,0.035639471997931244,"Dict{String, Real}(""s_u"" => 0.5, ""h_x_bar"" => 1.0, ""h_x"" => 1.0, ""p_u"" => 0.5, ""s_y"" => 0.9, ""a"" => 2, ""h_y_bar"" => 1.0, ""M"" => 1, ""phi"" => 1.0, ""s_ay"" => 0.6, ""b_x"" => 3, ""h_y"" => 1.0, ""b_y"" => 3, ""s_x"" => 0.5, ""p_a"" => 0.25, ""s_ax"" => 0.5)",stagnation
0.4,0.5263157894736842,1.0,1.0,-1.072054786770138e-6,0.035639472378116245,"Dict{String, Real}(""s_u"" => 0.5, ""h_x_bar"" => 1.0, ""h_x"" => 1.0, ""p_u"" => 0.5, ""s_y"" => 0.9, ""a"" => 2, ""h_y_bar"" => 1.0, ""M"" => 1, ""phi"" => 1.0, ""s_ay"" => 0.6, ""b_x"" => 3, ""h_y"" => 1.0, ""b_y"" => 3, ""s_x"" => 0.5, ""p_a"" => 0.25, ""s_ax"" => 0.5)",stagnation
0.4,0.5789473684210527,1.0,1.0,-1.0720547998013807e-6,0.035639472004290115,"Dict{String, Real}(""s_u"" => 0.5, ""h_x_bar"" => 1.0, ""h_x"" => 1.0, ""p_u"" => 0.5, ""s_y"" => 0.9, ""a"" => 2, ""h_y_bar"" => 1.0, ""M"" => 1, ""phi"" => 1.0, ""s_ay"" => 0.6, ""b_x"" => 3, ""h_y"" => 1.0, ""b_y"" => 3, ""s_x"" => 0.5, ""p_a"" => 0.25, ""s_ax"" => 0.5)",stagnation
0.4,0.631578947368421,1.0,1.0,-1.0720547901355015e-6,0.03563947228254799,"Dict{String, Real}(""s_u"" => 0.5, ""h_x_bar"" => 1.0, ""h_x"" => 1.0, ""p_u"" => 0.5, ""s_y"" => 0.9, ""a"" => 2, ""h_y_bar"" => 1.0, ""M"" => 1, ""phi"" => 1.0, ""s_ay"" => 0.6, ""b_x"" => 3, ""h_y"" => 1.0, ""b_y"" => 3, ""s_x"" => 0.5, ""p_a"" => 0.25, ""s_ax"" => 0.5)",stagnation
0.4,0.6842105263157895,1.0,1.0,-1.0720547879011777e-6,0.035639472343900094,"Dict{String, Real}(""s_u"" => 0.5, ""h_x_bar"" => 1.0, ""h_x"" => 1.0, ""p_u"" => 0.5, ""s_y"" => 0.9, ""a"" => 2, ""h_y_bar"" => 1.0, ""M"" => 1, ""phi"" => 1.0, ""s_ay"" => 0.6, ""b_x"" => 3, ""h_y"" => 1.0, ""b_y"" => 3, ""s_x"" => 0.5, ""p_a"" => 0.25, ""s_ax"" => 0.5)",stagnation
0.4,0.7368421052631579,1.0,1.0,-1.072054848179349e-6,0.03563947063731819,"Dict{String, Real}(""s_u"" => 0.5, ""h_x_bar"" => 1.0, ""h_x"" => 1.0, ""p_u"" => 0.5, ""s_y"" => 0.9, ""a"" => 2, ""h_y_bar"" => 1.0, ""M"" => 1, ""phi"" => 1.0, ""s_ay"" => 0.6, ""b_x"" => 3, ""h_y"" => 1.0, ""b_y"" => 3, ""s_x"" => 0.5, ""p_a"" => 0.25, ""s_ax"" => 0.5)",stagnation
0.4,0.7894736842105263,1.0,1.0,-1.0720548539802643e-6,0.03563947046950054,"Dict{String, Real}(""s_u"" => 0.5, ""h_x_bar"" => 1.0, ""h_x"" => 1.0, ""p_u"" => 0.5, ""s_y"" => 0.9, ""a"" => 2, ""h_y_bar"" => 1.0, ""M"" => 1, ""phi"" => 1.0, ""s_ay"" => 0.6, ""b_x"" => 3, ""h_y"" => 1.0, ""b_y"" => 3, ""s_x"" => 0.5, ""p_a"" => 0.25, ""s_ax"" => 0.5)",stagnation
0.4,0.8421052631578947,1.0,1.0,-1.0720548013626319e-6,0.03563947196520989,"Dict{String, Real}(""s_u"" => 0.5, ""h_x_bar"" => 1.0, ""h_x"" => 1.0, ""p_u"" => 0.5, ""s_y"" => 0.9, ""a"" => 2, ""h_y_bar"" => 1.0, ""M"" => 1, ""phi"" => 1.0, ""s_ay"" => 0.6, ""b_x"" => 3, ""h_y"" => 1.0, ""b_y"" => 3, ""s_x"" => 0.5, ""p_a"" => 0.25, ""s_ax"" => 0.5)",stagnation
0.4,0.8947368421052632,1.0,1.0,-1.0720547950482384e-6,0.035639472150644017,"Dict{String, Real}(""s_u"" => 0.5, ""h_x_bar"" => 1.0, ""h_x"" => 1.0, ""p_u"" => 0.5, ""s_y"" => 0.9, ""a"" => 2, ""h_y_bar"" => 1.0, ""M"" => 1, ""phi"" => 1.0, ""s_ay"" => 0.6, ""b_x"" => 3, ""h_y"" => 1.0, ""b_y"" => 3, ""s_x"" => 0.5, ""p_a"" => 0.25, ""s_ax"" => 0.5)",stagnation
0.4,0.9473684210526315,1.0,1.0,-1.0720548043949285e-6,0.03563947188061162,"Dict{String, Real}(""s_u"" => 0.5, ""h_x_bar"" => 1.0, ""h_x"" => 1.0, ""p_u"" => 0.5, ""s_y"" => 0.9, ""a"" => 2, ""h_y_bar"" => 1.0, ""M"" => 1, ""phi"" => 1.0, ""s_ay"" => 0.6, ""b_x"" => 3, ""h_y"" => 1.0, ""b_y"" => 3, ""s_x"" => 0.5, ""p_a"" => 0.25, ""s_ax"" => 0.5)",stagnation
0.4,1.0,1.0,1.0,-1.0720548001275088e-6,0.035639472001609634,"Dict{String, Real}(""s_u"" => 0.5, ""h_x_bar"" => 1.0, ""h_x"" => 1.0, ""p_u"" => 0.5, ""s_y"" => 0.9, ""a"" => 2, ""h_y_bar"" => 1.0, ""M"" => 1, ""phi"" => 1.0, ""s_ay"" => 0.6, ""b_x"" => 3, ""h_y"" => 1.0, ""b_y"" => 3, ""s_x"" => 0.5, ""p_a"" => 0.25, ""s_ax"" => 0.5)",stagnation
