db,b,h_x,h_y,P2,parameters,reason
0.0,3.0,0.0,0.0,0.16666666745964698,"Dict{String, Real}(""s_u"" => 0.5, ""h_x_bar"" => 0.3288563058441353, ""h_x"" => 0.3288563058441353, ""p_u"" => 0.5, ""s_y"" => 0.5, ""a"" => 2, ""h_y_bar"" => 0.19188211159210886, ""M"" => 1, ""phi"" => 0.1, ""s_ay"" => 0.5, ""b_x"" => 7.0, ""h_y"" => 0.19188211159210886, ""b_y"" => 12.0, ""s_x"" => 0.5, ""p_a"" => 0.25, ""s_ax"" => 0.5)",stagnation
0.5555555555555556,3.0,0.03506669544067912,0.022684558334203662,0.16658704737778982,"Dict{String, Real}(""s_u"" => 0.5, ""h_x_bar"" => 0.3288563058441353, ""h_x"" => 0.3288563058441353, ""p_u"" => 0.5, ""s_y"" => 0.5, ""a"" => 2, ""h_y_bar"" => 0.19188211159210886, ""M"" => 1, ""phi"" => 0.1, ""s_ay"" => 0.5, ""b_x"" => 7.0, ""h_y"" => 0.19188211159210886, ""b_y"" => 12.0, ""s_x"" => 0.5, ""p_a"" => 0.25, ""s_ax"" => 0.5)",css found
1.1111111111111112,3.0,0.2660905964102284,0.19331370885884377,0.16098247613616687,"Dict{String, Real}(""s_u"" => 0.5, ""h_x_bar"" => 0.3288563058441353, ""h_x"" => 0.3288563058441353, ""p_u"" => 0.5, ""s_y"" => 0.5, ""a"" => 2, ""h_y_bar"" => 0.19188211159210886, ""M"" => 1, ""phi"" => 0.1, ""s_ay"" => 0.5, ""b_x"" => 7.0, ""h_y"" => 0.19188211159210886, ""b_y"" => 12.0, ""s_x"" => 0.5, ""p_a"" => 0.25, ""s_ax"" => 0.5)",css found
1.6666666666666667,3.0,0.40062577885912437,0.2577995447666678,0.1523303623957037,"Dict{String, Real}(""s_u"" => 0.5, ""h_x_bar"" => 0.3288563058441353, ""h_x"" => 0.3288563058441353, ""p_u"" => 0.5, ""s_y"" => 0.5, ""a"" => 2, ""h_y_bar"" => 0.19188211159210886, ""M"" => 1, ""phi"" => 0.1, ""s_ay"" => 0.5, ""b_x"" => 7.0, ""h_y"" => 0.19188211159210886, ""b_y"" => 12.0, ""s_x"" => 0.5, ""p_a"" => 0.25, ""s_ax"" => 0.5)",css found
2.2222222222222223,3.0,0.49650824840712726,0.2856310050456746,0.1433405267418165,"Dict{String, Real}(""s_u"" => 0.5, ""h_x_bar"" => 0.3288563058441353, ""h_x"" => 0.3288563058441353, ""p_u"" => 0.5, ""s_y"" => 0.5, ""a"" => 2, ""h_y_bar"" => 0.19188211159210886, ""M"" => 1, ""phi"" => 0.1, ""s_ay"" => 0.5, ""b_x"" => 7.0, ""h_y"" => 0.19188211159210886, ""b_y"" => 12.0, ""s_x"" => 0.5, ""p_a"" => 0.25, ""s_ax"" => 0.5)",css found
2.7777777777777777,3.0,0.5708915147137157,0.29679209150090907,0.13476402640237786,"Dict{String, Real}(""s_u"" => 0.5, ""h_x_bar"" => 0.3288563058441353, ""h_x"" => 0.3288563058441353, ""p_u"" => 0.5, ""s_y"" => 0.5, ""a"" => 2, ""h_y_bar"" => 0.19188211159210886, ""M"" => 1, ""phi"" => 0.1, ""s_ay"" => 0.5, ""b_x"" => 7.0, ""h_y"" => 0.19188211159210886, ""b_y"" => 12.0, ""s_x"" => 0.5, ""p_a"" => 0.25, ""s_ax"" => 0.5)",css found
3.3333333333333335,3.0,0.6316724551883638,0.2995453370373071,0.12682673808159214,"Dict{String, Real}(""s_u"" => 0.5, ""h_x_bar"" => 0.3288563058441353, ""h_x"" => 0.3288563058441353, ""p_u"" => 0.5, ""s_y"" => 0.5, ""a"" => 2, ""h_y_bar"" => 0.19188211159210886, ""M"" => 1, ""phi"" => 0.1, ""s_ay"" => 0.5, ""b_x"" => 7.0, ""h_y"" => 0.19188211159210886, ""b_y"" => 12.0, ""s_x"" => 0.5, ""p_a"" => 0.25, ""s_ax"" => 0.5)",css found
3.888888888888889,3.0,0.6830653374455404,0.29776514745463434,0.1195706991511469,"Dict{String, Real}(""s_u"" => 0.5, ""h_x_bar"" => 0.3288563058441353, ""h_x"" => 0.3288563058441353, ""p_u"" => 0.5, ""s_y"" => 0.5, ""a"" => 2, ""h_y_bar"" => 0.19188211159210886, ""M"" => 1, ""phi"" => 0.1, ""s_ay"" => 0.5, ""b_x"" => 7.0, ""h_y"" => 0.19188211159210886, ""b_y"" => 12.0, ""s_x"" => 0.5, ""p_a"" => 0.25, ""s_ax"" => 0.5)",css found
4.444444444444445,3.0,0.7275855133000305,0.29348091240006086,0.11296827417051737,"Dict{String, Real}(""s_u"" => 0.5, ""h_x_bar"" => 0.3288563058441353, ""h_x"" => 0.3288563058441353, ""p_u"" => 0.5, ""s_y"" => 0.5, ""a"" => 2, ""h_y_bar"" => 0.19188211159210886, ""M"" => 1, ""phi"" => 0.1, ""s_ay"" => 0.5, ""b_x"" => 7.0, ""h_y"" => 0.19188211159210886, ""b_y"" => 12.0, ""s_x"" => 0.5, ""p_a"" => 0.25, ""s_ax"" => 0.5)",css found
5.0,3.0,0.7668561265407488,0.2878231693101657,0.10696666534701144,"Dict{String, Real}(""s_u"" => 0.5, ""h_x_bar"" => 0.3288563058441353, ""h_x"" => 0.3288563058441353, ""p_u"" => 0.5, ""s_y"" => 0.5, ""a"" => 2, ""h_y_bar"" => 0.19188211159210886, ""M"" => 1, ""phi"" => 0.1, ""s_ay"" => 0.5, ""b_x"" => 7.0, ""h_y"" => 0.19188211159210886, ""b_y"" => 12.0, ""s_x"" => 0.5, ""p_a"" => 0.25, ""s_ax"" => 0.5)",css found
0.0,3.4444444444444446,0.0,0.0,0.1451612908215699,"Dict{String, Real}(""s_u"" => 0.5, ""h_x_bar"" => 0.3288563058441353, ""h_x"" => 0.3288563058441353, ""p_u"" => 0.5, ""s_y"" => 0.5, ""a"" => 2, ""h_y_bar"" => 0.19188211159210886, ""M"" => 1, ""phi"" => 0.1, ""s_ay"" => 0.5, ""b_x"" => 7.0, ""h_y"" => 0.19188211159210886, ""b_y"" => 12.0, ""s_x"" => 0.5, ""p_a"" => 0.25, ""s_ax"" => 0.5)",stagnation
0.5555555555555556,3.4444444444444446,0.030562325659022366,0.021693436514362993,0.1451008190924294,"Dict{String, Real}(""s_u"" => 0.5, ""h_x_bar"" => 0.3288563058441353, ""h_x"" => 0.3288563058441353, ""p_u"" => 0.5, ""s_y"" => 0.5, ""a"" => 2, ""h_y_bar"" => 0.19188211159210886, ""M"" => 1, ""phi"" => 0.1, ""s_ay"" => 0.5, ""b_x"" => 7.0, ""h_y"" => 0.19188211159210886, ""b_y"" => 12.0, ""s_x"" => 0.5, ""p_a"" => 0.25, ""s_ax"" => 0.5)",css found
1.1111111111111112,3.4444444444444446,0.23179537489837182,0.17464094905050204,0.14083028241211262,"Dict{String, Real}(""s_u"" => 0.5, ""h_x_bar"" => 0.3288563058441353, ""h_x"" => 0.3288563058441353, ""p_u"" => 0.5, ""s_y"" => 0.5, ""a"" => 2, ""h_y_bar"" => 0.19188211159210886, ""M"" => 1, ""phi"" => 0.1, ""s_ay"" => 0.5, ""b_x"" => 7.0, ""h_y"" => 0.19188211159210886, ""b_y"" => 12.0, ""s_x"" => 0.5, ""p_a"" => 0.25, ""s_ax"" => 0.5)",css found
1.6666666666666667,3.4444444444444446,0.3490782841121567,0.23532267264978474,0.1341639226482229,"Dict{String, Real}(""s_u"" => 0.5, ""h_x_bar"" => 0.3288563058441353, ""h_x"" => 0.3288563058441353, ""p_u"" => 0.5, ""s_y"" => 0.5, ""a"" => 2, ""h_y_bar"" => 0.19188211159210886, ""M"" => 1, ""phi"" => 0.1, ""s_ay"" => 0.5, ""b_x"" => 7.0, ""h_y"" => 0.19188211159210886, ""b_y"" => 12.0, ""s_x"" => 0.5, ""p_a"" => 0.25, ""s_ax"" => 0.5)",css found
2.2222222222222223,3.4444444444444446,0.43258340189963146,0.2632236195981906,0.12714100300714412,"Dict{String, Real}(""s_u"" => 0.5, ""h_x_bar"" => 0.3288563058441353, ""h_x"" => 0.3288563058441353, ""p_u"" => 0.5, ""s_y"" => 0.5, ""a"" => 2, ""h_y_bar"" => 0.19188211159210886, ""M"" => 1, ""phi"" => 0.1, ""s_ay"" => 0.5, ""b_x"" => 7.0, ""h_y"" => 0.19188211159210886, ""b_y"" => 12.0, ""s_x"" => 0.5, ""p_a"" => 0.25, ""s_ax"" => 0.5)",css found
2.7777777777777777,3.4444444444444446,0.49736181551772446,0.27559242757200214,0.12034755854745131,"Dict{String, Real}(""s_u"" => 0.5, ""h_x_bar"" => 0.3288563058441353, ""h_x"" => 0.3288563058441353, ""p_u"" => 0.5, ""s_y"" => 0.5, ""a"" => 2, ""h_y_bar"" => 0.19188211159210886, ""M"" => 1, ""phi"" => 0.1, ""s_ay"" => 0.5, ""b_x"" => 7.0, ""h_y"" => 0.19188211159210886, ""b_y"" => 12.0, ""s_x"" => 0.5, ""p_a"" => 0.25, ""s_ax"" => 0.5)",css found
3.3333333333333335,3.4444444444444446,0.550293491920737,0.27990300360561926,0.11397749549442941,"Dict{String, Real}(""s_u"" => 0.5, ""h_x_bar"" => 0.3288563058441353, ""h_x"" => 0.3288563058441353, ""p_u"" => 0.5, ""s_y"" => 0.5, ""a"" => 2, ""h_y_bar"" => 0.19188211159210886, ""M"" => 1, ""phi"" => 0.1, ""s_ay"" => 0.5, ""b_x"" => 7.0, ""h_y"" => 0.19188211159210886, ""b_y"" => 12.0, ""s_x"" => 0.5, ""p_a"" => 0.25, ""s_ax"" => 0.5)",css found
3.888888888888889,3.4444444444444446,0.5950484641648531,0.2797187673990021,0.1080830791014542,"Dict{String, Real}(""s_u"" => 0.5, ""h_x_bar"" => 0.3288563058441353, ""h_x"" => 0.3288563058441353, ""p_u"" => 0.5, ""s_y"" => 0.5, ""a"" => 2, ""h_y_bar"" => 0.19188211159210886, ""M"" => 1, ""phi"" => 0.1, ""s_ay"" => 0.5, ""b_x"" => 7.0, ""h_y"" => 0.19188211159210886, ""b_y"" => 12.0, ""s_x"" => 0.5, ""p_a"" => 0.25, ""s_ax"" => 0.5)",css found
4.444444444444445,3.4444444444444446,0.6338185103051793,0.27694677143907603,0.10265958216619214,"Dict{String, Real}(""s_u"" => 0.5, ""h_x_bar"" => 0.3288563058441353, ""h_x"" => 0.3288563058441353, ""p_u"" => 0.5, ""s_y"" => 0.5, ""a"" => 2, ""h_y_bar"" => 0.19188211159210886, ""M"" => 1, ""phi"" => 0.1, ""s_ay"" => 0.5, ""b_x"" => 7.0, ""h_y"" => 0.19188211159210886, ""b_y"" => 12.0, ""s_x"" => 0.5, ""p_a"" => 0.25, ""s_ax"" => 0.5)",css found
5.0,3.4444444444444446,0.6680172133349641,0.2726745779281911,0.09767918208947418,"Dict{String, Real}(""s_u"" => 0.5, ""h_x_bar"" => 0.3288563058441353, ""h_x"" => 0.3288563058441353, ""p_u"" => 0.5, ""s_y"" => 0.5, ""a"" => 2, ""h_y_bar"" => 0.19188211159210886, ""M"" => 1, ""phi"" => 0.1, ""s_ay"" => 0.5, ""b_x"" => 7.0, ""h_y"" => 0.19188211159210886, ""b_y"" => 12.0, ""s_x"" => 0.5, ""p_a"" => 0.25, ""s_ax"" => 0.5)",css found
0.0,3.888888888888889,0.0,0.0,0.12857142889315148,"Dict{String, Real}(""s_u"" => 0.5, ""h_x_bar"" => 0.3288563058441353, ""h_x"" => 0.3288563058441353, ""p_u"" => 0.5, ""s_y"" => 0.5, ""a"" => 2, ""h_y_bar"" => 0.19188211159210886, ""M"" => 1, ""phi"" => 0.1, ""s_ay"" => 0.5, ""b_x"" => 7.0, ""h_y"" => 0.19188211159210886, ""b_y"" => 12.0, ""s_x"" => 0.5, ""p_a"" => 0.25, ""s_ax"" => 0.5)",stagnation
0.5555555555555556,3.888888888888889,0.027078001213040537,0.020370138869132498,0.12852396133657468,"Dict{String, Real}(""s_u"" => 0.5, ""h_x_bar"" => 0.3288563058441353, ""h_x"" => 0.3288563058441353, ""p_u"" => 0.5, ""s_y"" => 0.5, ""a"" => 2, ""h_y_bar"" => 0.19188211159210886, ""M"" => 1, ""phi"" => 0.1, ""s_ay"" => 0.5, ""b_x"" => 7.0, ""h_y"" => 0.19188211159210886, ""b_y"" => 12.0, ""s_x"" => 0.5, ""p_a"" => 0.25, ""s_ax"" => 0.5)",css found
1.1111111111111112,3.888888888888889,0.20531788402359993,0.159226160125162,0.12516216898088073,"Dict{String, Real}(""s_u"" => 0.5, ""h_x_bar"" => 0.3288563058441353, ""h_x"" => 0.3288563058441353, ""p_u"" => 0.5, ""s_y"" => 0.5, ""a"" => 2, ""h_y_bar"" => 0.19188211159210886, ""M"" => 1, ""phi"" => 0.1, ""s_ay"" => 0.5, ""b_x"" => 7.0, ""h_y"" => 0.19188211159210886, ""b_y"" => 12.0, ""s_x"" => 0.5, ""p_a"" => 0.25, ""s_ax"" => 0.5)",css found
1.6666666666666667,3.888888888888889,0.30926574011697183,0.21644067028929234,0.11986875487855007,"Dict{String, Real}(""s_u"" => 0.5, ""h_x_bar"" => 0.3288563058441353, ""h_x"" => 0.3288563058441353, ""p_u"" => 0.5, ""s_y"" => 0.5, ""a"" => 2, ""h_y_bar"" => 0.19188211159210886, ""M"" => 1, ""phi"" => 0.1, ""s_ay"" => 0.5, ""b_x"" => 7.0, ""h_y"" => 0.19188211159210886, ""b_y"" => 12.0, ""s_x"" => 0.5, ""p_a"" => 0.25, ""s_ax"" => 0.5)",css found
2.2222222222222223,3.888888888888889,0.3832273153149082,0.24407374724221967,0.11423124525304028,"Dict{String, Real}(""s_u"" => 0.5, ""h_x_bar"" => 0.3288563058441353, ""h_x"" => 0.3288563058441353, ""p_u"" => 0.5, ""s_y"" => 0.5, ""a"" => 2, ""h_y_bar"" => 0.19188211159210886, ""M"" => 1, ""phi"" => 0.1, ""s_ay"" => 0.5, ""b_x"" => 7.0, ""h_y"" => 0.19188211159210886, ""b_y"" => 12.0, ""s_x"" => 0.5, ""p_a"" => 0.25, ""s_ax"" => 0.5)",css found
2.7777777777777777,3.888888888888889,0.4406002185526598,0.2572191746300878,0.10871744226618622,"Dict{String, Real}(""s_u"" => 0.5, ""h_x_bar"" => 0.3288563058441353, ""h_x"" => 0.3288563058441353, ""p_u"" => 0.5, ""s_y"" => 0.5, ""a"" => 2, ""h_y_bar"" => 0.19188211159210886, ""M"" => 1, ""phi"" => 0.1, ""s_ay"" => 0.5, ""b_x"" => 7.0, ""h_y"" => 0.19188211159210886, ""b_y"" => 12.0, ""s_x"" => 0.5, ""p_a"" => 0.25, ""s_ax"" => 0.5)",css found
3.3333333333333335,3.888888888888889,0.48747937045524564,0.2626781808225777,0.10349234037181411,"Dict{String, Real}(""s_u"" => 0.5, ""h_x_bar"" => 0.3288563058441353, ""h_x"" => 0.3288563058441353, ""p_u"" => 0.5, ""s_y"" => 0.5, ""a"" => 2, ""h_y_bar"" => 0.19188211159210886, ""M"" => 1, ""phi"" => 0.1, ""s_ay"" => 0.5, ""b_x"" => 7.0, ""h_y"" => 0.19188211159210886, ""b_y"" => 12.0, ""s_x"" => 0.5, ""p_a"" => 0.25, ""s_ax"" => 0.5)",css found
3.888888888888889,3.888888888888889,0.5271170104121684,0.26373483411945664,0.09860930259130685,"Dict{String, Real}(""s_u"" => 0.5, ""h_x_bar"" => 0.3288563058441353, ""h_x"" => 0.3288563058441353, ""p_u"" => 0.5, ""s_y"" => 0.5, ""a"" => 2, ""h_y_bar"" => 0.19188211159210886, ""M"" => 1, ""phi"" => 0.1, ""s_ay"" => 0.5, ""b_x"" => 7.0, ""h_y"" => 0.19188211159210886, ""b_y"" => 12.0, ""s_x"" => 0.5, ""p_a"" => 0.25, ""s_ax"" => 0.5)",css found
4.444444444444445,3.888888888888889,0.561453996327162,0.2621762748125539,0.09407496209669586,"Dict{String, Real}(""s_u"" => 0.5, ""h_x_bar"" => 0.3288563058441353, ""h_x"" => 0.3288563058441353, ""p_u"" => 0.5, ""s_y"" => 0.5, ""a"" => 2, ""h_y_bar"" => 0.19188211159210886, ""M"" => 1, ""phi"" => 0.1, ""s_ay"" => 0.5, ""b_x"" => 7.0, ""h_y"" => 0.19188211159210886, ""b_y"" => 12.0, ""s_x"" => 0.5, ""p_a"" => 0.25, ""s_ax"" => 0.5)",css found
5.0,3.888888888888889,0.5917418183077768,0.2590408476964631,0.08987564388038433,"Dict{String, Real}(""s_u"" => 0.5, ""h_x_bar"" => 0.3288563058441353, ""h_x"" => 0.3288563058441353, ""p_u"" => 0.5, ""s_y"" => 0.5, ""a"" => 2, ""h_y_bar"" => 0.19188211159210886, ""M"" => 1, ""phi"" => 0.1, ""s_ay"" => 0.5, ""b_x"" => 7.0, ""h_y"" => 0.19188211159210886, ""b_y"" => 12.0, ""s_x"" => 0.5, ""p_a"" => 0.25, ""s_ax"" => 0.5)",css found
0.0,4.333333333333333,0.0,0.0,0.11538461560271233,"Dict{String, Real}(""s_u"" => 0.5, ""h_x_bar"" => 0.3288563058441353, ""h_x"" => 0.3288563058441353, ""p_u"" => 0.5, ""s_y"" => 0.5, ""a"" => 2, ""h_y_bar"" => 0.19188211159210886, ""M"" => 1, ""phi"" => 0.1, ""s_ay"" => 0.5, ""b_x"" => 7.0, ""h_y"" => 0.19188211159210886, ""b_y"" => 12.0, ""s_x"" => 0.5, ""p_a"" => 0.25, ""s_ax"" => 0.5)",stagnation
0.5555555555555556,4.333333333333333,0.0243049308725329,0.019036588453711877,0.115346372819932,"Dict{String, Real}(""s_u"" => 0.5, ""h_x_bar"" => 0.3288563058441353, ""h_x"" => 0.3288563058441353, ""p_u"" => 0.5, ""s_y"" => 0.5, ""a"" => 2, ""h_y_bar"" => 0.19188211159210886, ""M"" => 1, ""phi"" => 0.1, ""s_ay"" => 0.5, ""b_x"" => 7.0, ""h_y"" => 0.19188211159210886, ""b_y"" => 12.0, ""s_x"" => 0.5, ""p_a"" => 0.25, ""s_ax"" => 0.5)",css found
1.1111111111111112,4.333333333333333,0.18426492455735533,0.14629749594199143,0.11263133834926457,"Dict{String, Real}(""s_u"" => 0.5, ""h_x_bar"" => 0.3288563058441353, ""h_x"" => 0.3288563058441353, ""p_u"" => 0.5, ""s_y"" => 0.5, ""a"" => 2, ""h_y_bar"" => 0.19188211159210886, ""M"" => 1, ""phi"" => 0.1, ""s_ay"" => 0.5, ""b_x"" => 7.0, ""h_y"" => 0.19188211159210886, ""b_y"" => 12.0, ""s_x"" => 0.5, ""p_a"" => 0.25, ""s_ax"" => 0.5)",css found
1.6666666666666667,4.333333333333333,0.2776508585716958,0.20042692208076326,0.1083265573073381,"Dict{String, Real}(""s_u"" => 0.5, ""h_x_bar"" => 0.3288563058441353, ""h_x"" => 0.3288563058441353, ""p_u"" => 0.5, ""s_y"" => 0.5, ""a"" => 2, ""h_y_bar"" => 0.19188211159210886, ""M"" => 1, ""phi"" => 0.1, ""s_ay"" => 0.5, ""b_x"" => 7.0, ""h_y"" => 0.19188211159210886, ""b_y"" => 12.0, ""s_x"" => 0.5, ""p_a"" => 0.25, ""s_ax"" => 0.5)",css found
2.2222222222222223,4.333333333333333,0.34397282824850284,0.2275189429877059,0.10370150873277369,"Dict{String, Real}(""s_u"" => 0.5, ""h_x_bar"" => 0.3288563058441353, ""h_x"" => 0.3288563058441353, ""p_u"" => 0.5, ""s_y"" => 0.5, ""a"" => 2, ""h_y_bar"" => 0.19188211159210886, ""M"" => 1, ""phi"" => 0.1, ""s_ay"" => 0.5, ""b_x"" => 7.0, ""h_y"" => 0.19188211159210886, ""b_y"" => 12.0, ""s_x"" => 0.5, ""p_a"" => 0.25, ""s_ax"" => 0.5)",css found
2.7777777777777777,4.333333333333333,0.39546072527396825,0.24114229615324914,0.09913706118546352,"Dict{String, Real}(""s_u"" => 0.5, ""h_x_bar"" => 0.3288563058441353, ""h_x"" => 0.3288563058441353, ""p_u"" => 0.5, ""s_y"" => 0.5, ""a"" => 2, ""h_y_bar"" => 0.19188211159210886, ""M"" => 1, ""phi"" => 0.1, ""s_ay"" => 0.5, ""b_x"" => 7.0, ""h_y"" => 0.19188211159210886, ""b_y"" => 12.0, ""s_x"" => 0.5, ""p_a"" => 0.25, ""s_ax"" => 0.5)",css found
3.3333333333333335,4.333333333333333,0.4375312206434414,0.24745041491850317,0.09477379565888659,"Dict{String, Real}(""s_u"" => 0.5, ""h_x_bar"" => 0.3288563058441353, ""h_x"" => 0.3288563058441353, ""p_u"" => 0.5, ""s_y"" => 0.5, ""a"" => 2, ""h_y_bar"" => 0.19188211159210886, ""M"" => 1, ""phi"" => 0.1, ""s_ay"" => 0.5, ""b_x"" => 7.0, ""h_y"" => 0.19188211159210886, ""b_y"" => 12.0, ""s_x"" => 0.5, ""p_a"" => 0.25, ""s_ax"" => 0.5)",css found
3.888888888888889,4.333333333333333,0.47310227323960824,0.2494788940652715,0.09066248877230224,"Dict{String, Real}(""s_u"" => 0.5, ""h_x_bar"" => 0.3288563058441353, ""h_x"" => 0.3288563058441353, ""p_u"" => 0.5, ""s_y"" => 0.5, ""a"" => 2, ""h_y_bar"" => 0.19188211159210886, ""M"" => 1, ""phi"" => 0.1, ""s_ay"" => 0.5, ""b_x"" => 7.0, ""h_y"" => 0.19188211159210886, ""b_y"" => 12.0, ""s_x"" => 0.5, ""p_a"" => 0.25, ""s_ax"" => 0.5)",css found
4.444444444444445,4.333333333333333,0.5039160796808019,0.2489015259673243,0.08681527794360178,"Dict{String, Real}(""s_u"" => 0.5, ""h_x_bar"" => 0.3288563058441353, ""h_x"" => 0.3288563058441353, ""p_u"" => 0.5, ""s_y"" => 0.5, ""a"" => 2, ""h_y_bar"" => 0.19188211159210886, ""M"" => 1, ""phi"" => 0.1, ""s_ay"" => 0.5, ""b_x"" => 7.0, ""h_y"" => 0.19188211159210886, ""b_y"" => 12.0, ""s_x"" => 0.5, ""p_a"" => 0.25, ""s_ax"" => 0.5)",css found
5.0,4.333333333333333,0.5310964701882688,0.2467055690026499,0.08322670659561549,"Dict{String, Real}(""s_u"" => 0.5, ""h_x_bar"" => 0.3288563058441353, ""h_x"" => 0.3288563058441353, ""p_u"" => 0.5, ""s_y"" => 0.5, ""a"" => 2, ""h_y_bar"" => 0.19188211159210886, ""M"" => 1, ""phi"" => 0.1, ""s_ay"" => 0.5, ""b_x"" => 7.0, ""h_y"" => 0.19188211159210886, ""b_y"" => 12.0, ""s_x"" => 0.5, ""p_a"" => 0.25, ""s_ax"" => 0.5)",css found
0.0,4.777777777777778,0.0,0.0,0.10465116296281182,"Dict{String, Real}(""s_u"" => 0.5, ""h_x_bar"" => 0.3288563058441353, ""h_x"" => 0.3288563058441353, ""p_u"" => 0.5, ""s_y"" => 0.5, ""a"" => 2, ""h_y_bar"" => 0.19188211159210886, ""M"" => 1, ""phi"" => 0.1, ""s_ay"" => 0.5, ""b_x"" => 7.0, ""h_y"" => 0.19188211159210886, ""b_y"" => 12.0, ""s_x"" => 0.5, ""p_a"" => 0.25, ""s_ax"" => 0.5)",stagnation
0.5555555555555556,4.777777777777778,0.022046269238311624,0.017790597726999903,0.10461969754592741,"Dict{String, Real}(""s_u"" => 0.5, ""h_x_bar"" => 0.3288563058441353, ""h_x"" => 0.3288563058441353, ""p_u"" => 0.5, ""s_y"" => 0.5, ""a"" => 2, ""h_y_bar"" => 0.19188211159210886, ""M"" => 1, ""phi"" => 0.1, ""s_ay"" => 0.5, ""b_x"" => 7.0, ""h_y"" => 0.19188211159210886, ""b_y"" => 12.0, ""s_x"" => 0.5, ""p_a"" => 0.25, ""s_ax"" => 0.5)",css found
1.1111111111111112,4.777777777777778,0.16712631970863606,0.13530295332306685,0.10238125907861557,"Dict{String, Real}(""s_u"" => 0.5, ""h_x_bar"" => 0.3288563058441353, ""h_x"" => 0.3288563058441353, ""p_u"" => 0.5, ""s_y"" => 0.5, ""a"" => 2, ""h_y_bar"" => 0.19188211159210886, ""M"" => 1, ""phi"" => 0.1, ""s_ay"" => 0.5, ""b_x"" => 7.0, ""h_y"" => 0.19188211159210886, ""b_y"" => 12.0, ""s_x"" => 0.5, ""p_a"" => 0.25, ""s_ax"" => 0.5)",css found
1.6666666666666667,4.777777777777778,0.2518866767019457,0.18663217430781845,0.0988119285490953,"Dict{String, Real}(""s_u"" => 0.5, ""h_x_bar"" => 0.3288563058441353, ""h_x"" => 0.3288563058441353, ""p_u"" => 0.5, ""s_y"" => 0.5, ""a"" => 2, ""h_y_bar"" => 0.19188211159210886, ""M"" => 1, ""phi"" => 0.1, ""s_ay"" => 0.5, ""b_x"" => 7.0, ""h_y"" => 0.19188211159210886, ""b_y"" => 12.0, ""s_x"" => 0.5, ""p_a"" => 0.25, ""s_ax"" => 0.5)",css found
2.2222222222222223,4.777777777777778,0.31200951455520065,0.21306526158444108,0.09494917677031937,"Dict{String, Real}(""s_u"" => 0.5, ""h_x_bar"" => 0.3288563058441353, ""h_x"" => 0.3288563058441353, ""p_u"" => 0.5, ""s_y"" => 0.5, ""a"" => 2, ""h_y_bar"" => 0.19188211159210886, ""M"" => 1, ""phi"" => 0.1, ""s_ay"" => 0.5, ""b_x"" => 7.0, ""h_y"" => 0.19188211159210886, ""b_y"" => 12.0, ""s_x"" => 0.5, ""p_a"" => 0.25, ""s_ax"" => 0.5)",css found
2.7777777777777777,4.777777777777778,0.35870788107857515,0.2269565066502702,0.09110841983987812,"Dict{String, Real}(""s_u"" => 0.5, ""h_x_bar"" => 0.3288563058441353, ""h_x"" => 0.3288563058441353, ""p_u"" => 0.5, ""s_y"" => 0.5, ""a"" => 2, ""h_y_bar"" => 0.19188211159210886, ""M"" => 1, ""phi"" => 0.1, ""s_ay"" => 0.5, ""b_x"" => 7.0, ""h_y"" => 0.19188211159210886, ""b_y"" => 12.0, ""s_x"" => 0.5, ""p_a"" => 0.25, ""s_ax"" => 0.5)",css found
3.3333333333333335,4.777777777777778,0.39686439590540307,0.2338914040480276,0.08741007556883601,"Dict{String, Real}(""s_u"" => 0.5, ""h_x_bar"" => 0.3288563058441353, ""h_x"" => 0.3288563058441353, ""p_u"" => 0.5, ""s_y"" => 0.5, ""a"" => 2, ""h_y_bar"" => 0.19188211159210886, ""M"" => 1, ""phi"" => 0.1, ""s_ay"" => 0.5, ""b_x"" => 7.0, ""h_y"" => 0.19188211159210886, ""b_y"" => 12.0, ""s_x"" => 0.5, ""p_a"" => 0.25, ""s_ax"" => 0.5)",css found
3.888888888888889,4.777777777777778,0.4291263381713768,0.23668509907466267,0.08390100079983256,"Dict{String, Real}(""s_u"" => 0.5, ""h_x_bar"" => 0.3288563058441353, ""h_x"" => 0.3288563058441353, ""p_u"" => 0.5, ""s_y"" => 0.5, ""a"" => 2, ""h_y_bar"" => 0.19188211159210886, ""M"" => 1, ""phi"" => 0.1, ""s_ay"" => 0.5, ""b_x"" => 7.0, ""h_y"" => 0.19188211159210886, ""b_y"" => 12.0, ""s_x"" => 0.5, ""p_a"" => 0.25, ""s_ax"" => 0.5)",css found
4.444444444444445,4.777777777777778,0.45707334261038246,0.2369062716285702,0.08059577155205352,"Dict{String, Real}(""s_u"" => 0.5, ""h_x_bar"" => 0.3288563058441353, ""h_x"" => 0.3288563058441353, ""p_u"" => 0.5, ""s_y"" => 0.5, ""a"" => 2, ""h_y_bar"" => 0.19188211159210886, ""M"" => 1, ""phi"" => 0.1, ""s_ay"" => 0.5, ""b_x"" => 7.0, ""h_y"" => 0.19188211159210886, ""b_y"" => 12.0, ""s_x"" => 0.5, ""p_a"" => 0.25, ""s_ax"" => 0.5)",css found
5.0,4.777777777777778,0.4817242716979271,0.23549167986642133,0.07749377171729034,"Dict{String, Real}(""s_u"" => 0.5, ""h_x_bar"" => 0.3288563058441353, ""h_x"" => 0.3288563058441353, ""p_u"" => 0.5, ""s_y"" => 0.5, ""a"" => 2, ""h_y_bar"" => 0.19188211159210886, ""M"" => 1, ""phi"" => 0.1, ""s_ay"" => 0.5, ""b_x"" => 7.0, ""h_y"" => 0.19188211159210886, ""b_y"" => 12.0, ""s_x"" => 0.5, ""p_a"" => 0.25, ""s_ax"" => 0.5)",css found
0.0,5.222222222222222,0.0,0.0,0.09574468096986298,"Dict{String, Real}(""s_u"" => 0.5, ""h_x_bar"" => 0.3288563058441353, ""h_x"" => 0.3288563058441353, ""p_u"" => 0.5, ""s_y"" => 0.5, ""a"" => 2, ""h_y_bar"" => 0.19188211159210886, ""M"" => 1, ""phi"" => 0.1, ""s_ay"" => 0.5, ""b_x"" => 7.0, ""h_y"" => 0.19188211159210886, ""b_y"" => 12.0, ""s_x"" => 0.5, ""p_a"" => 0.25, ""s_ax"" => 0.5)",stagnation
0.5555555555555556,5.222222222222222,0.02017132247784516,0.016657611068345617,0.09571833973995067,"Dict{String, Real}(""s_u"" => 0.5, ""h_x_bar"" => 0.3288563058441353, ""h_x"" => 0.3288563058441353, ""p_u"" => 0.5, ""s_y"" => 0.5, ""a"" => 2, ""h_y_bar"" => 0.19188211159210886, ""M"" => 1, ""phi"" => 0.1, ""s_ay"" => 0.5, ""b_x"" => 7.0, ""h_y"" => 0.19188211159210886, ""b_y"" => 12.0, ""s_x"" => 0.5, ""p_a"" => 0.25, ""s_ax"" => 0.5)",css found
1.1111111111111112,5.222222222222222,0.1529039203152237,0.12584128647452583,0.09384118836403947,"Dict{String, Real}(""s_u"" => 0.5, ""h_x_bar"" => 0.3288563058441353, ""h_x"" => 0.3288563058441353, ""p_u"" => 0.5, ""s_y"" => 0.5, ""a"" => 2, ""h_y_bar"" => 0.19188211159210886, ""M"" => 1, ""phi"" => 0.1, ""s_ay"" => 0.5, ""b_x"" => 7.0, ""h_y"" => 0.19188211159210886, ""b_y"" => 12.0, ""s_x"" => 0.5, ""p_a"" => 0.25, ""s_ax"" => 0.5)",css found
1.6666666666666667,5.222222222222222,0.23048377805441367,0.17461204459666935,0.09083374370929213,"Dict{String, Real}(""s_u"" => 0.5, ""h_x_bar"" => 0.3288563058441353, ""h_x"" => 0.3288563058441353, ""p_u"" => 0.5, ""s_y"" => 0.5, ""a"" => 2, ""h_y_bar"" => 0.19188211159210886, ""M"" => 1, ""phi"" => 0.1, ""s_ay"" => 0.5, ""b_x"" => 7.0, ""h_y"" => 0.19188211159210886, ""b_y"" => 12.0, ""s_x"" => 0.5, ""p_a"" => 0.25, ""s_ax"" => 0.5)",css found
2.2222222222222223,5.222222222222222,0.2854791871644236,0.20033660095414202,0.0875592406694132,"Dict{String, Real}(""s_u"" => 0.5, ""h_x_bar"" => 0.3288563058441353, ""h_x"" => 0.3288563058441353, ""p_u"" => 0.5, ""s_y"" => 0.5, ""a"" => 2, ""h_y_bar"" => 0.19188211159210886, ""M"" => 1, ""phi"" => 0.1, ""s_ay"" => 0.5, ""b_x"" => 7.0, ""h_y"" => 0.19188211159210886, ""b_y"" => 12.0, ""s_x"" => 0.5, ""p_a"" => 0.25, ""s_ax"" => 0.5)",css found
2.7777777777777777,5.222222222222222,0.328203636296063,0.2143466075667937,0.08428275828875915,"Dict{String, Real}(""s_u"" => 0.5, ""h_x_bar"" => 0.3288563058441353, ""h_x"" => 0.3288563058441353, ""p_u"" => 0.5, ""s_y"" => 0.5, ""a"" => 2, ""h_y_bar"" => 0.19188211159210886, ""M"" => 1, ""phi"" => 0.1, ""s_ay"" => 0.5, ""b_x"" => 7.0, ""h_y"" => 0.19188211159210886, ""b_y"" => 12.0, ""s_x"" => 0.5, ""p_a"" => 0.25, ""s_ax"" => 0.5)",css found
3.3333333333333335,5.222222222222222,0.36311273602181016,0.22174106526725007,0.08110814708221616,"Dict{String, Real}(""s_u"" => 0.5, ""h_x_bar"" => 0.3288563058441353, ""h_x"" => 0.3288563058441353, ""p_u"" => 0.5, ""s_y"" => 0.5, ""a"" => 2, ""h_y_bar"" => 0.19188211159210886, ""M"" => 1, ""phi"" => 0.1, ""s_ay"" => 0.5, ""b_x"" => 7.0, ""h_y"" => 0.19188211159210886, ""b_y"" => 12.0, ""s_x"" => 0.5, ""p_a"" => 0.25, ""s_ax"" => 0.5)",css found
3.888888888888889,5.222222222222222,0.39262871259858717,0.22513947285203195,0.07807804409513867,"Dict{String, Real}(""s_u"" => 0.5, ""h_x_bar"" => 0.3288563058441353, ""h_x"" => 0.3288563058441353, ""p_u"" => 0.5, ""s_y"" => 0.5, ""a"" => 2, ""h_y_bar"" => 0.19188211159210886, ""M"" => 1, ""phi"" => 0.1, ""s_ay"" => 0.5, ""b_x"" => 7.0, ""h_y"" => 0.19188211159210886, ""b_y"" => 12.0, ""s_x"" => 0.5, ""p_a"" => 0.25, ""s_ax"" => 0.5)",css found
4.444444444444445,5.222222222222222,0.41819692518734414,0.22601402913260196,0.07520783077065717,"Dict{String, Real}(""s_u"" => 0.5, ""h_x_bar"" => 0.3288563058441353, ""h_x"" => 0.3288563058441353, ""p_u"" => 0.5, ""s_y"" => 0.5, ""a"" => 2, ""h_y_bar"" => 0.19188211159210886, ""M"" => 1, ""phi"" => 0.1, ""s_ay"" => 0.5, ""b_x"" => 7.0, ""h_y"" => 0.19188211159210886, ""b_y"" => 12.0, ""s_x"" => 0.5, ""p_a"" => 0.25, ""s_ax"" => 0.5)",css found
5.0,5.222222222222222,0.44074990641492245,0.22525291200231992,0.07249974595486407,"Dict{String, Real}(""s_u"" => 0.5, ""h_x_bar"" => 0.3288563058441353, ""h_x"" => 0.3288563058441353, ""p_u"" => 0.5, ""s_y"" => 0.5, ""a"" => 2, ""h_y_bar"" => 0.19188211159210886, ""M"" => 1, ""phi"" => 0.1, ""s_ay"" => 0.5, ""b_x"" => 7.0, ""h_y"" => 0.19188211159210886, ""b_y"" => 12.0, ""s_x"" => 0.5, ""p_a"" => 0.25, ""s_ax"" => 0.5)",css found
0.0,5.666666666666667,0.0,0.0,0.08823529421103773,"Dict{String, Real}(""s_u"" => 0.5, ""h_x_bar"" => 0.3288563058441353, ""h_x"" => 0.3288563058441353, ""p_u"" => 0.5, ""s_y"" => 0.5, ""a"" => 2, ""h_y_bar"" => 0.19188211159210886, ""M"" => 1, ""phi"" => 0.1, ""s_ay"" => 0.5, ""b_x"" => 7.0, ""h_y"" => 0.19188211159210886, ""b_y"" => 12.0, ""s_x"" => 0.5, ""p_a"" => 0.25, ""s_ax"" => 0.5)",stagnation
0.5555555555555556,5.666666666666667,0.01859009132816552,0.015637577741630708,0.0882129206693818,"Dict{String, Real}(""s_u"" => 0.5, ""h_x_bar"" => 0.3288563058441353, ""h_x"" => 0.3288563058441353, ""p_u"" => 0.5, ""s_y"" => 0.5, ""a"" => 2, ""h_y_bar"" => 0.19188211159210886, ""M"" => 1, ""phi"" => 0.1, ""s_ay"" => 0.5, ""b_x"" => 7.0, ""h_y"" => 0.19188211159210886, ""b_y"" => 12.0, ""s_x"" => 0.5, ""p_a"" => 0.25, ""s_ax"" => 0.5)",css found
1.1111111111111112,5.666666666666667,0.14091203266501015,0.11761353867496595,0.08661615445318152,"Dict{String, Real}(""s_u"" => 0.5, ""h_x_bar"" => 0.3288563058441353, ""h_x"" => 0.3288563058441353, ""p_u"" => 0.5, ""s_y"" => 0.5, ""a"" => 2, ""h_y_bar"" => 0.19188211159210886, ""M"" => 1, ""phi"" => 0.1, ""s_ay"" => 0.5, ""b_x"" => 7.0, ""h_y"" => 0.19188211159210886, ""b_y"" => 12.0, ""s_x"" => 0.5, ""p_a"" => 0.25, ""s_ax"" => 0.5)",css found
1.6666666666666667,5.666666666666667,0.2124257621911157,0.1640448111380278,0.08404764378512916,"Dict{String, Real}(""s_u"" => 0.5, ""h_x_bar"" => 0.3288563058441353, ""h_x"" => 0.3288563058441353, ""p_u"" => 0.5, ""s_y"" => 0.5, ""a"" => 2, ""h_y_bar"" => 0.19188211159210886, ""M"" => 1, ""phi"" => 0.1, ""s_ay"" => 0.5, ""b_x"" => 7.0, ""h_y"" => 0.19188211159210886, ""b_y"" => 12.0, ""s_x"" => 0.5, ""p_a"" => 0.25, ""s_ax"" => 0.5)",css found
2.2222222222222223,5.666666666666667,0.2631057325445885,0.18904166469378383,0.08123656336727869,"Dict{String, Real}(""s_u"" => 0.5, ""h_x_bar"" => 0.3288563058441353, ""h_x"" => 0.3288563058441353, ""p_u"" => 0.5, ""s_y"" => 0.5, ""a"" => 2, ""h_y_bar"" => 0.19188211159210886, ""M"" => 1, ""phi"" => 0.1, ""s_ay"" => 0.5, ""b_x"" => 7.0, ""h_y"" => 0.19188211159210886, ""b_y"" => 12.0, ""s_x"" => 0.5, ""p_a"" => 0.25, ""s_ax"" => 0.5)",css found
2.7777777777777777,5.666666666666667,0.30247951333176837,0.20306377143256102,0.078408546099686,"Dict{String, Real}(""s_u"" => 0.5, ""h_x_bar"" => 0.3288563058441353, ""h_x"" => 0.3288563058441353, ""p_u"" => 0.5, ""s_y"" => 0.5, ""a"" => 2, ""h_y_bar"" => 0.19188211159210886, ""M"" => 1, ""phi"" => 0.1, ""s_ay"" => 0.5, ""b_x"" => 7.0, ""h_y"" => 0.19188211159210886, ""b_y"" => 12.0, ""s_x"" => 0.5, ""p_a"" => 0.25, ""s_ax"" => 0.5)",css found
3.3333333333333335,5.666666666666667,0.3346506763801296,0.21079069112287013,0.07565380063290708,"Dict{String, Real}(""s_u"" => 0.5, ""h_x_bar"" => 0.3288563058441353, ""h_x"" => 0.3288563058441353, ""p_u"" => 0.5, ""s_y"" => 0.5, ""a"" => 2, ""h_y_bar"" => 0.19188211159210886, ""M"" => 1, ""phi"" => 0.1, ""s_ay"" => 0.5, ""b_x"" => 7.0, ""h_y"" => 0.19188211159210886, ""b_y"" => 12.0, ""s_x"" => 0.5, ""p_a"" => 0.25, ""s_ax"" => 0.5)",css found
3.888888888888889,5.666666666666667,0.36185136478972385,0.21466784758088392,0.07301089059360924,"Dict{String, Real}(""s_u"" => 0.5, ""h_x_bar"" => 0.3288563058441353, ""h_x"" => 0.3288563058441353, ""p_u"" => 0.5, ""s_y"" => 0.5, ""a"" => 2, ""h_y_bar"" => 0.19188211159210886, ""M"" => 1, ""phi"" => 0.1, ""s_ay"" => 0.5, ""b_x"" => 7.0, ""h_y"" => 0.19188211159210886, ""b_y"" => 12.0, ""s_x"" => 0.5, ""p_a"" => 0.25, ""s_ax"" => 0.5)",css found
4.444444444444445,5.666666666666667,0.3854145553989469,0.2160793454537348,0.07049513201538903,"Dict{String, Real}(""s_u"" => 0.5, ""h_x_bar"" => 0.3288563058441353, ""h_x"" => 0.3288563058441353, ""p_u"" => 0.5, ""s_y"" => 0.5, ""a"" => 2, ""h_y_bar"" => 0.19188211159210886, ""M"" => 1, ""phi"" => 0.1, ""s_ay"" => 0.5, ""b_x"" => 7.0, ""h_y"" => 0.19188211159210886, ""b_y"" => 12.0, ""s_x"" => 0.5, ""p_a"" => 0.25, ""s_ax"" => 0.5)",css found
5.0,5.666666666666667,0.40619845366653584,0.21586737484582333,0.06811042286007925,"Dict{String, Real}(""s_u"" => 0.5, ""h_x_bar"" => 0.3288563058441353, ""h_x"" => 0.3288563058441353, ""p_u"" => 0.5, ""s_y"" => 0.5, ""a"" => 2, ""h_y_bar"" => 0.19188211159210886, ""M"" => 1, ""phi"" => 0.1, ""s_ay"" => 0.5, ""b_x"" => 7.0, ""h_y"" => 0.19188211159210886, ""b_y"" => 12.0, ""s_x"" => 0.5, ""p_a"" => 0.25, ""s_ax"" => 0.5)",css found
0.0,6.111111111111111,0.0,0.0,0.08181818188356375,"Dict{String, Real}(""s_u"" => 0.5, ""h_x_bar"" => 0.3288563058441353, ""h_x"" => 0.3288563058441353, ""p_u"" => 0.5, ""s_y"" => 0.5, ""a"" => 2, ""h_y_bar"" => 0.19188211159210886, ""M"" => 1, ""phi"" => 0.1, ""s_ay"" => 0.5, ""b_x"" => 7.0, ""h_y"" => 0.19188211159210886, ""b_y"" => 12.0, ""s_x"" => 0.5, ""p_a"" => 0.25, ""s_ax"" => 0.5)",stagnation
0.5555555555555556,6.111111111111111,0.017238632686106134,0.01472161289532918,0.08179894290358633,"Dict{String, Real}(""s_u"" => 0.5, ""h_x_bar"" => 0.3288563058441353, ""h_x"" => 0.3288563058441353, ""p_u"" => 0.5, ""s_y"" => 0.5, ""a"" => 2, ""h_y_bar"" => 0.19188211159210886, ""M"" => 1, ""phi"" => 0.1, ""s_ay"" => 0.5, ""b_x"" => 7.0, ""h_y"" => 0.19188211159210886, ""b_y"" => 12.0, ""s_x"" => 0.5, ""p_a"" => 0.25, ""s_ax"" => 0.5)",css found
1.1111111111111112,6.111111111111111,0.13066420713878313,0.11039437292300477,0.08042412872125604,"Dict{String, Real}(""s_u"" => 0.5, ""h_x_bar"" => 0.3288563058441353, ""h_x"" => 0.3288563058441353, ""p_u"" => 0.5, ""s_y"" => 0.5, ""a"" => 2, ""h_y_bar"" => 0.19188211159210886, ""M"" => 1, ""phi"" => 0.1, ""s_ay"" => 0.5, ""b_x"" => 7.0, ""h_y"" => 0.19188211159210886, ""b_y"" => 12.0, ""s_x"" => 0.5, ""p_a"" => 0.25, ""s_ax"" => 0.5)",css found
1.6666666666666667,6.111111111111111,0.1969878199067352,0.1546825553214015,0.07820502326756723,"Dict{String, Real}(""s_u"" => 0.5, ""h_x_bar"" => 0.3288563058441353, ""h_x"" => 0.3288563058441353, ""p_u"" => 0.5, ""s_y"" => 0.5, ""a"" => 2, ""h_y_bar"" => 0.19188211159210886, ""M"" => 1, ""phi"" => 0.1, ""s_ay"" => 0.5, ""b_x"" => 7.0, ""h_y"" => 0.19188211159210886, ""b_y"" => 12.0, ""s_x"" => 0.5, ""p_a"" => 0.25, ""s_ax"" => 0.5)",css found
2.2222222222222223,6.111111111111111,0.2439834727950492,0.17895126917713708,0.07576551438769523,"Dict{String, Real}(""s_u"" => 0.5, ""h_x_bar"" => 0.3288563058441353, ""h_x"" => 0.3288563058441353, ""p_u"" => 0.5, ""s_y"" => 0.5, ""a"" => 2, ""h_y_bar"" => 0.19188211159210886, ""M"" => 1, ""phi"" => 0.1, ""s_ay"" => 0.5, ""b_x"" => 7.0, ""h_y"" => 0.19188211159210886, ""b_y"" => 12.0, ""s_x"" => 0.5, ""p_a"" => 0.25, ""s_ax"" => 0.5)",css found
2.7777777777777777,6.111111111111111,0.2804937230137192,0.1929089441642289,0.07329980706474351,"Dict{String, Real}(""s_u"" => 0.5, ""h_x_bar"" => 0.3288563058441353, ""h_x"" => 0.3288563058441353, ""p_u"" => 0.5, ""s_y"" => 0.5, ""a"" => 2, ""h_y_bar"" => 0.19188211159210886, ""M"" => 1, ""phi"" => 0.1, ""s_ay"" => 0.5, ""b_x"" => 7.0, ""h_y"" => 0.19188211159210886, ""b_y"" => 12.0, ""s_x"" => 0.5, ""p_a"" => 0.25, ""s_ax"" => 0.5)",css found
3.3333333333333335,6.111111111111111,0.3103254744762576,0.20087086460487427,0.07088681646772145,"Dict{String, Real}(""s_u"" => 0.5, ""h_x_bar"" => 0.3288563058441353, ""h_x"" => 0.3288563058441353, ""p_u"" => 0.5, ""s_y"" => 0.5, ""a"" => 2, ""h_y_bar"" => 0.19188211159210886, ""M"" => 1, ""phi"" => 0.1, ""s_ay"" => 0.5, ""b_x"" => 7.0, ""h_y"" => 0.19188211159210886, ""b_y"" => 12.0, ""s_x"" => 0.5, ""p_a"" => 0.25, ""s_ax"" => 0.5)",css found
3.888888888888889,6.111111111111111,0.33554817475655657,0.20512701894360785,0.06856135655160994,"Dict{String, Real}(""s_u"" => 0.5, ""h_x_bar"" => 0.3288563058441353, ""h_x"" => 0.3288563058441353, ""p_u"" => 0.5, ""s_y"" => 0.5, ""a"" => 2, ""h_y_bar"" => 0.19188211159210886, ""M"" => 1, ""phi"" => 0.1, ""s_ay"" => 0.5, ""b_x"" => 7.0, ""h_y"" => 0.19188211159210886, ""b_y"" => 12.0, ""s_x"" => 0.5, ""p_a"" => 0.25, ""s_ax"" => 0.5)",css found
4.444444444444445,6.111111111111111,0.3573972811218852,0.2069812645701547,0.06633822364065523,"Dict{String, Real}(""s_u"" => 0.5, ""h_x_bar"" => 0.3288563058441353, ""h_x"" => 0.3288563058441353, ""p_u"" => 0.5, ""s_y"" => 0.5, ""a"" => 2, ""h_y_bar"" => 0.19188211159210886, ""M"" => 1, ""phi"" => 0.1, ""s_ay"" => 0.5, ""b_x"" => 7.0, ""h_y"" => 0.19188211159210886, ""b_y"" => 12.0, ""s_x"" => 0.5, ""p_a"" => 0.25, ""s_ax"" => 0.5)",css found
5.0,6.111111111111111,0.37666972448748215,0.20723268060813838,0.06422224143412615,"Dict{String, Real}(""s_u"" => 0.5, ""h_x_bar"" => 0.3288563058441353, ""h_x"" => 0.3288563058441353, ""p_u"" => 0.5, ""s_y"" => 0.5, ""a"" => 2, ""h_y_bar"" => 0.19188211159210886, ""M"" => 1, ""phi"" => 0.1, ""s_ay"" => 0.5, ""b_x"" => 7.0, ""h_y"" => 0.19188211159210886, ""b_y"" => 12.0, ""s_x"" => 0.5, ""p_a"" => 0.25, ""s_ax"" => 0.5)",css found
0.0,6.555555555555555,0.0,0.0,0.07627118649725527,"Dict{String, Real}(""s_u"" => 0.5, ""h_x_bar"" => 0.3288563058441353, ""h_x"" => 0.3288563058441353, ""p_u"" => 0.5, ""s_y"" => 0.5, ""a"" => 2, ""h_y_bar"" => 0.19188211159210886, ""M"" => 1, ""phi"" => 0.1, ""s_ay"" => 0.5, ""b_x"" => 7.0, ""h_y"" => 0.19188211159210886, ""b_y"" => 12.0, ""s_x"" => 0.5, ""p_a"" => 0.25, ""s_ax"" => 0.5)",stagnation
0.5555555555555556,6.555555555555555,0.016070285175374042,0.013897882988830886,0.07625446681358641,"Dict{String, Real}(""s_u"" => 0.5, ""h_x_bar"" => 0.3288563058441353, ""h_x"" => 0.3288563058441353, ""p_u"" => 0.5, ""s_y"" => 0.5, ""a"" => 2, ""h_y_bar"" => 0.19188211159210886, ""M"" => 1, ""phi"" => 0.1, ""s_ay"" => 0.5, ""b_x"" => 7.0, ""h_y"" => 0.19188211159210886, ""b_y"" => 12.0, ""s_x"" => 0.5, ""p_a"" => 0.25, ""s_ax"" => 0.5)",css found
1.1111111111111112,6.555555555555555,0.12180580750105198,0.10400945824640291,0.07505834877784646,"Dict{String, Real}(""s_u"" => 0.5, ""h_x_bar"" => 0.3288563058441353, ""h_x"" => 0.3288563058441353, ""p_u"" => 0.5, ""s_y"" => 0.5, ""a"" => 2, ""h_y_bar"" => 0.19188211159210886, ""M"" => 1, ""phi"" => 0.1, ""s_ay"" => 0.5, ""b_x"" => 7.0, ""h_y"" => 0.19188211159210886, ""b_y"" => 12.0, ""s_x"" => 0.5, ""p_a"" => 0.25, ""s_ax"" => 0.5)",css found
1.6666666666666667,6.555555555555555,0.1836395345082636,0.1463305382394311,0.07312191137786118,"Dict{String, Real}(""s_u"" => 0.5, ""h_x_bar"" => 0.3288563058441353, ""h_x"" => 0.3288563058441353, ""p_u"" => 0.5, ""s_y"" => 0.5, ""a"" => 2, ""h_y_bar"" => 0.19188211159210886, ""M"" => 1, ""phi"" => 0.1, ""s_ay"" => 0.5, ""b_x"" => 7.0, ""h_y"" => 0.19188211159210886, ""b_y"" => 12.0, ""s_x"" => 0.5, ""p_a"" => 0.25, ""s_ax"" => 0.5)",css found
2.2222222222222223,6.555555555555555,0.22745183589684073,0.1698825545853395,0.07098488640740976,"Dict{String, Real}(""s_u"" => 0.5, ""h_x_bar"" => 0.3288563058441353, ""h_x"" => 0.3288563058441353, ""p_u"" => 0.5, ""s_y"" => 0.5, ""a"" => 2, ""h_y_bar"" => 0.19188211159210886, ""M"" => 1, ""phi"" => 0.1, ""s_ay"" => 0.5, ""b_x"" => 7.0, ""h_y"" => 0.19188211159210886, ""b_y"" => 12.0, ""s_x"" => 0.5, ""p_a"" => 0.25, ""s_ax"" => 0.5)",css found
2.7777777777777777,6.555555555555555,0.2614871172346171,0.18372103945807983,0.06881606956548329,"Dict{String, Real}(""s_u"" => 0.5, ""h_x_bar"" => 0.3288563058441353, ""h_x"" => 0.3288563058441353, ""p_u"" => 0.5, ""s_y"" => 0.5, ""a"" => 2, ""h_y_bar"" => 0.19188211159210886, ""M"" => 1, ""phi"" => 0.1, ""s_ay"" => 0.5, ""b_x"" => 7.0, ""h_y"" => 0.19188211159210886, ""b_y"" => 12.0, ""s_x"" => 0.5, ""p_a"" => 0.25, ""s_ax"" => 0.5)",css found
3.3333333333333335,6.555555555555555,0.2892963896469996,0.1918426284319419,0.06668496329054704,"Dict{String, Real}(""s_u"" => 0.5, ""h_x_bar"" => 0.3288563058441353, ""h_x"" => 0.3288563058441353, ""p_u"" => 0.5, ""s_y"" => 0.5, ""a"" => 2, ""h_y_bar"" => 0.19188211159210886, ""M"" => 1, ""phi"" => 0.1, ""s_ay"" => 0.5, ""b_x"" => 7.0, ""h_y"" => 0.19188211159210886, ""b_y"" => 12.0, ""s_x"" => 0.5, ""p_a"" => 0.25, ""s_ax"" => 0.5)",css found
3.888888888888889,6.555555555555555,0.31280924805219,0.19639815701063973,0.06462300880420237,"Dict{String, Real}(""s_u"" => 0.5, ""h_x_bar"" => 0.3288563058441353, ""h_x"" => 0.3288563058441353, ""p_u"" => 0.5, ""s_y"" => 0.5, ""a"" => 2, ""h_y_bar"" => 0.19188211159210886, ""M"" => 1, ""phi"" => 0.1, ""s_ay"" => 0.5, ""b_x"" => 7.0, ""h_y"" => 0.19188211159210886, ""b_y"" => 12.0, ""s_x"" => 0.5, ""p_a"" => 0.25, ""s_ax"" => 0.5)",css found
4.444444444444445,6.555555555555555,0.33317717422703763,0.19861837894050569,0.06264426008868734,"Dict{String, Real}(""s_u"" => 0.5, ""h_x_bar"" => 0.3288563058441353, ""h_x"" => 0.3288563058441353, ""p_u"" => 0.5, ""s_y"" => 0.5, ""a"" => 2, ""h_y_bar"" => 0.19188211159210886, ""M"" => 1, ""phi"" => 0.1, ""s_ay"" => 0.5, ""b_x"" => 7.0, ""h_y"" => 0.19188211159210886, ""b_y"" => 12.0, ""s_x"" => 0.5, ""p_a"" => 0.25, ""s_ax"" => 0.5)",css found
5.0,6.555555555555555,0.35114274970135784,0.19926219327325173,0.060754011355594516,"Dict{String, Real}(""s_u"" => 0.5, ""h_x_bar"" => 0.3288563058441353, ""h_x"" => 0.3288563058441353, ""p_u"" => 0.5, ""s_y"" => 0.5, ""a"" => 2, ""h_y_bar"" => 0.19188211159210886, ""M"" => 1, ""phi"" => 0.1, ""s_ay"" => 0.5, ""b_x"" => 7.0, ""h_y"" => 0.19188211159210886, ""b_y"" => 12.0, ""s_x"" => 0.5, ""p_a"" => 0.25, ""s_ax"" => 0.5)",css found
0.0,7.0,0.0,0.0,0.07142857147512395,"Dict{String, Real}(""s_u"" => 0.5, ""h_x_bar"" => 0.3288563058441353, ""h_x"" => 0.3288563058441353, ""p_u"" => 0.5, ""s_y"" => 0.5, ""a"" => 2, ""h_y_bar"" => 0.19188211159210886, ""M"" => 1, ""phi"" => 0.1, ""s_ay"" => 0.5, ""b_x"" => 7.0, ""h_y"" => 0.19188211159210886, ""b_y"" => 12.0, ""s_x"" => 0.5, ""p_a"" => 0.25, ""s_ax"" => 0.5)",stagnation
0.5555555555555556,7.0,0.015050214814344811,0.013156170817790634,0.07141390685407248,"Dict{String, Real}(""s_u"" => 0.5, ""h_x_bar"" => 0.3288563058441353, ""h_x"" => 0.3288563058441353, ""p_u"" => 0.5, ""s_y"" => 0.5, ""a"" => 2, ""h_y_bar"" => 0.19188211159210886, ""M"" => 1, ""phi"" => 0.1, ""s_ay"" => 0.5, ""b_x"" => 7.0, ""h_y"" => 0.19188211159210886, ""b_y"" => 12.0, ""s_x"" => 0.5, ""p_a"" => 0.25, ""s_ax"" => 0.5)",css found
1.1111111111111112,7.0,0.11407222047105206,0.09832161271278092,0.07036378053709963,"Dict{String, Real}(""s_u"" => 0.5, ""h_x_bar"" => 0.3288563058441353, ""h_x"" => 0.3288563058441353, ""p_u"" => 0.5, ""s_y"" => 0.5, ""a"" => 2, ""h_y_bar"" => 0.19188211159210886, ""M"" => 1, ""phi"" => 0.1, ""s_ay"" => 0.5, ""b_x"" => 7.0, ""h_y"" => 0.19188211159210886, ""b_y"" => 12.0, ""s_x"" => 0.5, ""p_a"" => 0.25, ""s_ax"" => 0.5)",css found
1.6666666666666667,7.0,0.17198420940160355,0.1388339367532545,0.06865924866590216,"Dict{String, Real}(""s_u"" => 0.5, ""h_x_bar"" => 0.3288563058441353, ""h_x"" => 0.3288563058441353, ""p_u"" => 0.5, ""s_y"" => 0.5, ""a"" => 2, ""h_y_bar"" => 0.19188211159210886, ""M"" => 1, ""phi"" => 0.1, ""s_ay"" => 0.5, ""b_x"" => 7.0, ""h_y"" => 0.19188211159210886, ""b_y"" => 12.0, ""s_x"" => 0.5, ""p_a"" => 0.25, ""s_ax"" => 0.5)",css found
2.2222222222222223,7.0,0.213018044674987,0.16168805038988868,0.06677174444777807,"Dict{String, Real}(""s_u"" => 0.5, ""h_x_bar"" => 0.3288563058441353, ""h_x"" => 0.3288563058441353, ""p_u"" => 0.5, ""s_y"" => 0.5, ""a"" => 2, ""h_y_bar"" => 0.19188211159210886, ""M"" => 1, ""phi"" => 0.1, ""s_ay"" => 0.5, ""b_x"" => 7.0, ""h_y"" => 0.19188211159210886, ""b_y"" => 12.0, ""s_x"" => 0.5, ""p_a"" => 0.25, ""s_ax"" => 0.5)",css found
2.7777777777777777,7.0,0.24489256318784547,0.17536823315746358,0.06484925122543729,"Dict{String, Real}(""s_u"" => 0.5, ""h_x_bar"" => 0.3288563058441353, ""h_x"" => 0.3288563058441353, ""p_u"" => 0.5, ""s_y"" => 0.5, ""a"" => 2, ""h_y_bar"" => 0.19188211159210886, ""M"" => 1, ""phi"" => 0.1, ""s_ay"" => 0.5, ""b_x"" => 7.0, ""h_y"" => 0.19188211159210886, ""b_y"" => 12.0, ""s_x"" => 0.5, ""p_a"" => 0.25, ""s_ax"" => 0.5)",css found
3.3333333333333335,7.0,0.2709363520732807,0.18359094248169958,0.06295336936391939,"Dict{String, Real}(""s_u"" => 0.5, ""h_x_bar"" => 0.3288563058441353, ""h_x"" => 0.3288563058441353, ""p_u"" => 0.5, ""s_y"" => 0.5, ""a"" => 2, ""h_y_bar"" => 0.19188211159210886, ""M"" => 1, ""phi"" => 0.1, ""s_ay"" => 0.5, ""b_x"" => 7.0, ""h_y"" => 0.19188211159210886, ""b_y"" => 12.0, ""s_x"" => 0.5, ""p_a"" => 0.25, ""s_ax"" => 0.5)",css found
3.888888888888889,7.0,0.29295635978895296,0.1883818341158925,0.06111254096429923,"Dict{String, Real}(""s_u"" => 0.5, ""h_x_bar"" => 0.3288563058441353, ""h_x"" => 0.3288563058441353, ""p_u"" => 0.5, ""s_y"" => 0.5, ""a"" => 2, ""h_y_bar"" => 0.19188211159210886, ""M"" => 1, ""phi"" => 0.1, ""s_ay"" => 0.5, ""b_x"" => 7.0, ""h_y"" => 0.19188211159210886, ""b_y"" => 12.0, ""s_x"" => 0.5, ""p_a"" => 0.25, ""s_ax"" => 0.5)",css found
4.444444444444445,7.0,0.3120311606189755,0.19090503317135207,0.05933998498307889,"Dict{String, Real}(""s_u"" => 0.5, ""h_x_bar"" => 0.3288563058441353, ""h_x"" => 0.3288563058441353, ""p_u"" => 0.5, ""s_y"" => 0.5, ""a"" => 2, ""h_y_bar"" => 0.19188211159210886, ""M"" => 1, ""phi"" => 0.1, ""s_ay"" => 0.5, ""b_x"" => 7.0, ""h_y"" => 0.19188211159210886, ""b_y"" => 12.0, ""s_x"" => 0.5, ""p_a"" => 0.25, ""s_ax"" => 0.5)",css found
5.0,7.0,0.3288563058441353,0.19188211159210886,0.05764118196191572,"Dict{String, Real}(""s_u"" => 0.5, ""h_x_bar"" => 0.3288563058441353, ""h_x"" => 0.3288563058441353, ""p_u"" => 0.5, ""s_y"" => 0.5, ""a"" => 2, ""h_y_bar"" => 0.19188211159210886, ""M"" => 1, ""phi"" => 0.1, ""s_ay"" => 0.5, ""b_x"" => 7.0, ""h_y"" => 0.19188211159210886, ""b_y"" => 12.0, ""s_x"" => 0.5, ""p_a"" => 0.25, ""s_ax"" => 0.5)",css found
